CONCEPTICON_ID,CONCEPTICON_GLOSS_x,CHINESE,CHINESE_RT_MEAN,CHINESE_RT_ZSCORE,CHINESE_STROKE,LINE_IN_SOURCE_x,CONCEPTICON_GLOSS_y,ENGLISH,ENGLISH_VALENCE_MEAN,ENGLISH_AROUSAL_MEAN,ENGLISH_DOMINANCE_MEAN,LINE_IN_SOURCE_y
10,FIREWOOD,柴火,741.2162500000002,-0.2957471658049295,14.0,7792,FIREWOOD,firewood,0.52,0.348,0.263,6736
1001,BLACKSMITH,铁匠,678.2180952380951,-0.5164593706792188,16.0,8258,BLACKSMITH,blacksmith,0.48,0.531,0.702,1785
1002,STATUE,雕像,704.7509999999997,-0.4642740795610031,29.0,10389,STATUE,statue,0.542,0.153,0.57,16845
1003,PERMIT,允许,654.6355,-0.6635635370928175,10.0,2482,PERMIT,allow,0.698,0.429,0.538,518
1004,MUSCLE,肌肉,669.4305000000002,-0.5588413987174683,12.0,4721,MUSCLE,muscle,0.359,0.49,0.645,11503
1008,BULL,公牛,705.8402564102563,-0.5111838792798902,8.0,2494,BULL,bull,0.521,0.64,0.644,2266
101,BOAST,吹牛,693.1821951219513,-0.5618653901990617,11.0,5019,BOAST,boast,0.52,0.586,0.569,1906
1011,BRIDGE,桥,666.7175000000002,-0.6636558419548709,10.0,365,BRIDGE,bridge,0.625,0.324,0.519,2150
1017,APPEARANCE,样子,767.1502500000001,-0.2149736183023112,13.0,7807,APPEARANCE,appearance,0.669,0.49,0.534,818
1019,RIGHT,右边,644.9230952380952,-0.6859764251235212,10.0,3423,RIGHT,right,0.74,0.352,0.71,15000
1021,TOWEL,毛巾,636.5323076923078,-0.6751190628042294,7.0,2937,TOWEL,towel,0.63,0.208,0.286,18152
1025,WHISTLE,哨,785.2024999999999,-0.2597535247010483,10.0,327,WHISTLE,whistle,0.653,0.551,0.463,19622
1030,NECESSARY,必须,623.3138095238095,-0.676747862302633,14.0,3626,NECESSARY,necessary,0.75,0.433,0.679,11635
1038,TEACHER,老师,694.2317948717949,-0.4860801275159763,12.0,4688,TEACHER,teacher,0.76,0.404,0.885,17659
1039,SHOW,展示,699.383846153846,-0.4765943379450279,15.0,7657,SHOW,show,0.673,0.771,0.719,15926
1041,INCREASE,增加,598.2942500000001,-0.7763970615174355,20.0,10141,INCREASE,increase,0.81,0.657,0.886,9018
1042,CARPENTER,木匠,688.44,-0.4132585762502584,10.0,2910,CARPENTER,carpenter,0.521,0.55,0.519,2588
1044,PILLOW,枕头,644.4976315789472,-0.6489165047578244,13.0,6140,PILLOW,pillow,0.663,0.128,0.195,13049
1045,POET,诗人,636.8239999999998,-0.6996400332034185,10.0,11440,POET,poet,0.827,0.35,0.556,13248
1046,SHUT,关闭,683.0989999999999,-0.5923409182139145,12.0,4090,SHUT,close,0.292,0.26,0.263,3167
1047,PURSUE,追,656.65125,-0.6159787429901142,9.0,569,PURSUE,pursue,0.417,0.783,0.536,13996
1053,HUNTER,猎人,640.9169230769231,-0.6556775167003144,13.0,8685,HUNTER,hunter,0.292,0.817,0.817,8636
1054,SMALLPOX,天花,762.7215000000001,-0.3378671655775134,11.0,2674,SMALLPOX,smallpox,0.156,0.583,0.222,16244
1066,CRIME,犯罪,611.9451219512196,-0.7147651464115186,18.0,3758,CRIME,crime,0.071,0.943,0.63,4117
107,OMEN,兆头,839.3397222222222,-0.0439965484829657,11.0,4029,OMEN,omen,0.39,0.657,0.583,12103
1072,PRISONER,犯人,663.5897560975608,-0.5520763084683984,7.0,3755,PRISONER,prisoner,0.071,0.654,0.308,13651
1075,TRAP (PITFALL),陷阱,686.7982051282052,-0.5292193878202208,16.0,8960,TRAP (PITFALL),trap,0.104,0.61,0.391,18262
1076,EMERGE (APPEAR),出现,647.09325,-0.6836077774130459,13.0,3256,EMERGE (APPEAR),appear,0.735,0.506,0.567,817
1080,VULGAR,粗俗,736.0949999999999,-0.3059830886931832,20.0,8803,VULGAR,vulgar,0.083,0.82,0.445,19369
1082,MERCHANT,商人,645.8738461538462,-0.648682507701303,13.0,8372,MERCHANT,merchant,0.675,0.5,0.62,10959
1084,CALL,叫,701.66075,-0.4603605121878407,5.0,34,CALL,call,0.594,0.627,0.558,2435
1085,FOLLOW,跟随,777.5166666666667,-0.2614153758995496,24.0,9776,FOLLOW,follow,0.667,0.509,0.6,6938
1086,WORK (ACTIVITY),干活,718.0848717948718,-0.3599932923010974,12.0,2288,WORK (ACTIVITY),work,0.719,0.596,0.75,19790
1087,CONCEIVE,构思,742.8031707317074,-0.4413229199247921,17.0,6135,CONCEIVE,conceive,0.708,0.538,0.7,3514
1088,SINK (DESCEND),沉,647.5540000000001,-0.6351348779535806,7.0,115,SINK (DESCEND),sink,0.375,0.439,0.322,16063
1090,BE BORN,出生,656.779756097561,-0.6564877827467566,10.0,3231,BE BORN,born,0.865,0.509,0.591,2015
1095,LET GO OR SET FREE,释放,670.9215789473683,-0.6049787988131926,20.0,11753,LET GO OR SET FREE,release,0.74,0.606,0.741,14592
1096,SONG,歌曲,716.1041025641025,-0.4467739816443103,20.0,9944,SONG,song,0.854,0.413,0.5,16448
1100,COOK (SOMETHING),烹饪,734.6314285714284,-0.4202259742727352,18.0,8679,COOK (SOMETHING),cook,0.847,0.5,0.412,3842
1105,CAMP,营地,708.2452631578948,-0.4098304874903119,17.0,11305,CAMP,camp,0.622,0.617,0.594,2459
1111,CAR,汽车,628.65725,-0.6794701814572645,11.0,5298,CAR,car,0.776,0.54,0.5,2545
1112,SUCCEED,成功,582.749024390244,-0.8601610988019333,11.0,4511,SUCCEED,succeed,0.926,0.755,0.926,17208
1114,BULLET,子弹,597.2875,-0.786723690210262,14.0,2231,BULLET,bullet,0.408,0.794,0.634,2269
1115,SPEECH,言,716.096,-0.4456087538122354,7.0,129,SPEECH,speech,0.656,0.47,0.688,16585
1117,LIKE,喜欢,632.0141463414634,-0.6977596388072513,18.0,9024,LIKE,like,0.719,0.353,0.446,10245
1119,DIVIDE,划分,801.8805000000001,-0.223298338763151,10.0,4137,DIVIDE,divide,0.333,0.52,0.417,5253
1120,HONEST,老实,683.5212195121949,-0.5196999388082563,14.0,4692,HONEST,honest,0.927,0.254,0.75,8469
1121,SECRET,保密,650.26075,-0.6801500660794049,20.0,6598,SECRET,secret,0.479,0.58,0.509,15584
1122,WAGES,工资,632.8978048780489,-0.6421973218681953,13.0,2274,WAGES,wages,0.776,0.44,0.62,19384
1123,PREGNANT,怀孕,601.4902500000001,-0.749475524005584,12.0,5155,PREGNANT,pregnant,0.765,0.773,0.537,13516
113,SHORE,滨,813.1596874999998,-0.0266478143081884,13.0,780,SHORE,shore,0.542,0.304,0.204,15902
1133,MATCH,火柴,663.6920512820512,-0.5980019560212897,14.0,3009,MATCH,match,0.599,0.573,0.5,10800
1136,RABBIT,兔子,661.3536585365854,-0.5493455416360621,11.0,5570,RABBIT,rabbit,0.685,0.33,0.241,14114
1138,FAIRY,仙人,713.5163157894737,-0.3850562187853041,7.0,3164,FAIRY,fairy,0.776,0.408,0.413,6435
1139,LEOPARD,豹子,740.7984615384617,-0.3098798914304231,13.0,8178,LEOPARD,leopard,0.542,0.755,0.611,10151
1145,SWAMP,沼泽,702.0655263157895,-0.396626061036373,16.0,6196,SWAMP,swamp,0.245,0.425,0.235,17413
1146,AUBERGINE,茄子,667.4449999999999,-0.5730798758478209,11.0,7317,AUBERGINE,eggplant,0.592,0.152,0.323,5678
1147,PURE,清,688.0324390243903,-0.4566435091397223,11.0,450,PURE,pure,0.811,0.306,0.652,13978
1149,ORPHAN,孤儿,639.0284615384617,-0.6763140482552317,10.0,5805,ORPHAN,orphan,0.133,0.388,0.14,12249
1150,THUNDER,雷电,760.948717948718,-0.2661232334443609,18.0,9857,THUNDER,thunder,0.296,0.916,0.526,17946
1156,OPEN,打开,613.3607692307693,-0.7308220019128958,9.0,3632,OPEN,open,0.62,0.48,0.569,12143
1158,STEP,台阶,720.3477499999999,-0.4877531740191416,11.0,3418,STEP,step,0.531,0.321,0.347,16884
1160,THIEF,小偷,685.5063414634146,-0.4691816910055075,14.0,2246,THIEF,thief,0.088,0.888,0.443,17874
1162,INTENTION,意向,769.3892682926828,-0.2811240077941051,19.0,9543,INTENTION,intention,0.531,0.48,0.636,9383
117,IMITATE,模仿,660.648780487805,-0.6058782987993377,20.0,10200,IMITATE,imitate,0.469,0.561,0.336,8795
1171,MIRROR,镜子,626.9348780487805,-0.6900633411135174,19.0,11822,MIRROR,mirror,0.677,0.31,0.438,11140
1172,SHOOT,射击,653.76,-0.5913509461900514,15.0,7649,SHOOT,shoot,0.092,0.926,0.625,15892
1173,EYEBROW,眉毛,667.4237837837837,-0.5536012047322442,13.0,7161,EYEBROW,eyebrow,0.51,0.198,0.222,6382
1174,YESTERDAY,昨天,650.1317500000001,-0.6352282736582665,13.0,6945,YESTERDAY,yesterday,0.5,0.286,0.253,19918
1175,GHOST,幽灵,711.9730952380952,-0.5057806126144483,16.0,6783,GHOST,ghost,0.265,0.755,0.343,7476
1182,NOISE,噪音,697.1659459459461,-0.4466370530090339,25.0,10316,NOISE,noise,0.26,0.883,0.388,11813
1183,PALM OF HAND,手掌,614.3125641025641,-0.7673048099095067,16.0,2805,PALM OF HAND,palm,0.531,0.194,0.34,12480
1188,CHARCOAL,炭,736.1832500000002,-0.3827982294055497,9.0,278,CHARCOAL,charcoal,0.302,0.186,0.342,2817
1189,ULCER,溃疡,981.3471794871792,0.3784456872406666,20.0,10959,ULCER,ulcer,0.286,0.596,0.377,18534
1193,STEAM,蒸汽,809.8459459459459,0.0064836091062907,20.0,10079,STEAM,steam,0.469,0.413,0.421,16867
1199,WIFE,妻子,627.6621621621622,-0.7269693481383814,11.0,5788,WIFE,wife,0.886,0.63,0.583,19656
12,MIDDAY,中午,652.6157499999998,-0.6504070178294876,8.0,2385,MIDDAY,noon,0.531,0.343,0.518,11837
1200,HUSBAND,丈夫,692.62075,-0.5100407337756662,7.0,2087,HUSBAND,husband,0.771,0.5,0.655,8650
1205,TONGUE,舌头,702.936,-0.5866430951501757,11.0,4750,TONGUE,tongue,0.542,0.432,0.482,18082
1208,CAT,猫,650.0873170731708,-0.623754176816058,11.0,527,CAT,cat,0.667,0.26,0.37,2637
121,SPIN,卷,719.7833333333333,-0.4187040165446105,8.0,158,SPIN,spin,0.551,0.422,0.345,16620
1210,HEAVY,沉重,689.8838461538462,-0.5442292840727938,16.0,5300,HEAVY,heavy,0.25,0.454,0.6,8225
1216,MOTHER,母亲,603.9163414634146,-0.7447551529712562,14.0,3726,MOTHER,mother,0.931,0.408,0.725,11392
1217,FATHER,父亲,614.5731707317074,-0.7158629136312145,13.0,3023,FATHER,father,0.812,0.333,0.824,6522
1218,ROPE,绳,731.1807692307691,-0.3180690069334531,11.0,892,ROPE,rope,0.385,0.28,0.345,15112
1219,WORM,虫,631.6725,-0.6916469968829488,6.0,72,WORM,worm,0.13,0.418,0.219,19807
1220,TAIL,尾巴,651.8290476190479,-0.6980157144285403,11.0,5091,TAIL,tail,0.48,0.272,0.293,17557
1223,HEART,心,659.9576923076922,-0.6076761717499143,4.0,16,HEART,heart,0.827,0.5,0.693,8191
1225,DAY (NOT NIGHT),白天,676.96,-0.5486808171921538,9.0,3849,DAY (NOT NIGHT),day,0.719,0.269,0.389,4390
1226,YEAR,岁月,678.2505000000001,-0.4508057094090779,10.0,4447,YEAR,year,0.542,0.284,0.415,19899
1228,EARTH (SOIL),土地,673.9428205128205,-0.4991210988479301,9.0,2184,EARTH (SOIL),earth,0.75,0.225,0.614,5592
123,FOREHEAD,额头,724.4277500000001,-0.4651687215170265,20.0,11962,FOREHEAD,forehead,0.47,0.308,0.556,6996
1230,DIRTY,肮脏,720.2999999999998,-0.3764064119469638,18.0,6366,DIRTY,dirty,0.153,0.46,0.17,4965
1233,NIGHT,晚上,663.8994736842106,-0.5474208938985827,14.0,8597,NIGHT,night,0.598,0.396,0.404,11757
1234,SMOOTH,平滑,817.5658974358976,-0.172937129064217,17.0,3597,SMOOTH,smooth,0.823,0.127,0.281,16277
1245,BUTTER,牛油,851.9388888888886,0.0506022122244589,12.0,3041,BUTTER,butter,0.65,0.292,0.202,2358
1246,SMALL,小,651.1712195121951,-0.5932940092394565,3.0,6,SMALL,small,0.542,0.205,0.12,16241
1247,EAR,耳朵,617.291707317073,-0.6998994175997947,12.0,4710,EAR,ear,0.469,0.216,0.231,5578
1248,EYE,眼睛,716.6147499999997,-0.3572495791983625,24.0,8757,EYE,eye,0.531,0.265,0.425,6380
125,SWEAT (SUBSTANCE),汗水,635.2858974358973,-0.67453702263262,10.0,4633,SWEAT (SUBSTANCE),sweat,0.388,0.579,0.297,17426
1251,BELLY,腹,776.2394736842103,-0.2060678216837998,13.0,611,BELLY,belly,0.51,0.388,0.387,1604
1257,WING,翅膀,643.5471794871794,-0.6053158672877813,24.0,8108,WING,wing,0.562,0.255,0.389,19695
1258,FINGERNAIL,指甲,644.02325,-0.6487133951196837,14.0,6880,FINGERNAIL,fingernail,0.418,0.415,0.153,6711
1262,BROTHER,兄弟,613.3282926829268,-0.7172974059951276,12.0,3192,BROTHER,brother,0.823,0.361,0.546,2204
1263,SISTER,姊妹,810.5276923076923,-0.0129665553078262,15.0,5790,SISTER,sister,0.916,0.324,0.562,16077
1264,CHANGE,变,695.5076190476191,-0.5442306648159233,8.0,159,CHANGE,change,0.625,0.575,0.606,2796
1266,BRIDE,新娘,681.4458536585365,-0.511989011648422,23.0,9612,BRIDE,bride,0.84,0.708,0.579,2147
127,EXTINGUISH,灭,659.9542857142856,-0.5645037331207776,5.0,866,EXTINGUISH,extinguish,0.24,0.576,0.482,6345
1273,CANDLE,蜡烛,688.887435897436,-0.5372322802835169,24.0,10088,CANDLE,candle,0.602,0.221,0.344,2480
1275,ANSWER,回答,637.3814634146343,-0.6876129362497683,18.0,4302,ANSWER,answer,0.537,0.373,0.661,729
1278,VOMIT,呕吐,655.53775,-0.6346678440354244,13.0,10689,VOMIT,vomit,0.073,0.569,0.188,19353
1280,FALL,倒塌,800.12375,-0.1233950036048073,23.0,7493,FALL,fall,0.177,0.657,0.221,6444
1281,PRISON,监狱,691.6987804878048,-0.5120079933814836,19.0,11034,PRISON,prison,0.112,0.677,0.491,13650
1283,TODAY,今天,581.9024999999999,-0.8402794990270014,8.0,2457,TODAY,today,0.806,0.306,0.362,18050
1284,BANK,银行,621.4107692307693,-0.7227853154482979,17.0,8949,BANK,bank,0.562,0.327,0.675,1378
1285,IMPORTANT,重要,656.5485365853659,-0.5838693109309315,18.0,7379,IMPORTANT,important,0.827,0.63,0.836,8878
1289,BABY,婴儿,698.4156097560974,-0.4375289531843646,13.0,10740,BABY,baby,0.837,0.365,0.455,1271
1291,BACK,后背,694.2065000000001,-0.4304245701584685,15.0,4272,BACK,back,0.438,0.353,0.336,1278
1293,MISTAKE,错误,655.3390243902437,-0.5750484722267798,22.0,11808,MISTAKE,mistake,0.208,0.585,0.102,11190
1295,STICK,拐杖,732.9312499999999,-0.3978247590972411,15.0,6027,STICK,stick,0.396,0.364,0.382,16908
1297,LEG,腿,680.4186842105262,-0.5593369921996352,13.0,658,LEG,leg,0.51,0.373,0.313,10110
1298,NEWSPAPER,报纸,631.815,-0.697556465432116,14.0,5236,NEWSPAPER,newspaper,0.602,0.283,0.444,11736
1299,COFFEE,咖啡,649.3420000000001,-0.6494620772187478,19.0,5729,COFFEE,coffee,0.823,0.418,0.309,3248
1300,COUNTRY,国家,643.19975,-0.6966689274991638,18.0,5740,COUNTRY,country,0.698,0.394,0.693,3976
1303,FINGER,手指,657.4870731707316,-0.552821857274945,13.0,2802,FINGER,finger,0.321,0.264,0.291,6710
1304,CHILD (YOUNG HUMAN),儿童,625.3,-0.7449616929483807,14.0,2062,CHILD (YOUNG HUMAN),kids,0.837,0.5,0.417,9834
1305,CHIMNEY,烟囱,808.1137837837838,-0.0550298855340701,17.0,7942,CHIMNEY,chimney,0.583,0.286,0.225,2931
1307,LANGUAGE,语言,678.0761904761906,-0.5606002907527444,16.0,11462,LANGUAGE,language,0.677,0.337,0.704,9975
131,FESTIVAL,派对,628.6941463414635,-0.7091200994008653,14.0,7038,FESTIVAL,festival,0.87,0.706,0.714,6623
1310,CLEVER,聪明,592.14,-0.7781071480804851,23.0,10255,CLEVER,clever,0.896,0.353,0.729,3132
1312,FOX,狐狸,654.5287179487178,-0.5818725976444767,18.0,6269,FOX,fox,0.323,0.555,0.491,7088
1313,MOON,月亮,662.6512500000001,-0.5330111830517613,13.0,2904,MOON,moon,0.673,0.233,0.547,11332
1320,APPLE,苹果,634.5163414634145,-0.6608892981634891,16.0,7310,APPLE,apple,0.811,0.3,0.264,831
1322,BREAKFAST,早餐,610.4882500000001,-0.7377165196737329,22.0,4557,BREAKFAST,breakfast,0.885,0.33,0.429,2117
1325,FRIEND,朋友,563.2812500000001,-0.9145558114336656,12.0,6108,FRIEND,friend,0.906,0.413,0.573,7169
1329,TOMORROW,明天,602.6356097560974,-0.7952648210694488,12.0,6084,TOMORROW,tomorrow,0.792,0.377,0.407,18076
1331,SHEEP,绵羊,658.4057499999998,-0.5887970731613844,17.0,11213,SHEEP,sheep,0.604,0.206,0.161,15828
1332,NEIGHBOUR,邻居,590.0175609756097,-0.8233047193578166,15.0,6491,NEIGHBOUR,neighbor,0.657,0.448,0.434,11675
1333,NECK,脖子,705.1011904761906,-0.4290122030537329,14.0,8822,NECK,neck,0.541,0.245,0.345,11639
1334,GUTS,肠,765.3012500000001,-0.3394975690488082,7.0,898,GUTS,guts,0.592,0.649,0.582,7948
1338,PEACE,和平,647.2292682926831,-0.654797911859134,13.0,5718,PEACE,peace,0.939,0.156,0.613,12711
1339,MORNING,早晨,634.5517073170731,-0.6656654878828769,17.0,4554,MORNING,morning,0.688,0.235,0.444,11364
134,FAULT,过失,657.0576923076923,-0.5664019575833813,11.0,5448,FAULT,fault,0.188,0.558,0.184,6533
1342,SUMMER,夏天,688.701052631579,-0.507496277483137,14.0,7604,SUMMER,summer,0.812,0.373,0.55,17266
1343,SUN,太阳,675.3704761904761,-0.5890687926292347,10.0,2691,SUN,sun,0.877,0.4,0.681,17275
1346,THROAT,喉咙,709.869,-0.4187137056696857,20.0,9019,THROAT,throat,0.35,0.538,0.346,17925
1349,CHURCH,教堂,632.3104761904763,-0.6643040324851546,22.0,8582,CHURCH,church,0.708,0.198,0.61,3005
1350,MONKEY,猴子,691.0752631578947,-0.5465126620733083,15.0,9269,MONKEY,monkey,0.548,0.449,0.283,11300
1356,NUMBER,数字,608.4010000000002,-0.7504283615163102,19.0,9601,NUMBER,number,0.406,0.231,0.471,11919
1358,ENEMY,敌人,726.1115384615385,-0.3792716650707905,12.0,7768,ENEMY,enemy,0.135,0.794,0.591,5895
1360,DUCK,鸭,683.7574358974359,-0.4747431479629796,10.0,1015,DUCK,duck,0.594,0.337,0.236,5502
1361,TOOL,工具,678.7014285714286,-0.4862418455755258,11.0,2270,TOOL,tool,0.49,0.35,0.594,18087
1365,KITCHEN,厨房,620.91575,-0.6987225741097688,20.0,9005,KITCHEN,kitchen,0.7,0.234,0.398,9867
1367,CROSS,越过,707.3397435897435,-0.3310201305903374,18.0,9438,CROSS,cross,0.448,0.321,0.569,4149
1368,BREAD,面包,594.1619512195123,-0.7658022571097264,14.0,7416,BREAD,bread,0.66,0.314,0.342,2109
1369,GOLD,金,683.4058974358975,-0.5538419073564261,8.0,226,GOLD,gold,0.939,0.686,0.692,7608
1371,KNEE,膝盖,670.244054054054,-0.5447046233576914,26.0,10256,KNEE,knee,0.52,0.245,0.396,9875
1374,RING,戒指,686.1346341463413,-0.492410130089254,16.0,5166,RING,ring,0.677,0.427,0.464,15012
1375,WINDOW,窗户,697.5251219512197,-0.4348713395541189,16.0,9324,WINDOW,window,0.542,0.276,0.385,19688
1379,TELEPHONE,电话,618.4165853658537,-0.804890244544041,13.0,3843,TELEPHONE,telephone,0.694,0.52,0.425,17707
138,BATHE,洗澡,728.64475,-0.3938689129816299,25.0,7019,BATHE,bathe,0.677,0.294,0.371,1474
1380,TOOTH,牙齿,681.25625,-0.5064065885677469,12.0,3033,TOOTH,tooth,0.439,0.25,0.367,18092
1381,SHOE,鞋子,609.0466666666669,-0.759460459489753,18.0,10298,SHOE,shoe,0.517,0.225,0.288,15886
1383,GRANDFATHER,祖父,635.8100000000001,-0.6408769861919803,13.0,8030,GRANDFATHER,grandfather,0.827,0.279,0.586,7701
1386,LION,狮子,650.6345000000001,-0.6087947014226088,12.0,11003,LION,lion,0.532,0.717,0.682,10291
1387,ARRIVE,到达,744.0635,-0.4082559656837498,14.0,5601,ARRIVE,arrive,0.837,0.406,0.585,966
1388,SHADE,影子,709.7410256410253,-0.4749130183580572,18.0,10153,SHADE,shadow,0.302,0.343,0.158,15775
1390,WRONG,错,686.1119512195121,-0.4971768270885643,13.0,971,WRONG,wrong,0.042,0.582,0.48,19866
1391,TOWN,城镇,729.2828947368421,-0.4031666602775001,24.0,6704,TOWN,town,0.551,0.299,0.627,18155
1394,BONE,骨头,638.9478048780488,-0.619205980258503,14.0,8286,BONE,bone,0.337,0.37,0.413,1955
1396,SHARP,锋利,734.0221428571431,-0.355341394113577,19.0,11798,SHARP,sharp,0.459,0.585,0.585,15808
140,PADDY FIELD,稻田,713.0297297297299,-0.3661640086132341,20.0,10243,PADDY FIELD,paddy,0.653,0.33,0.33,12438
1402,BREAST,乳房,726.3447368421054,-0.3589399897595935,16.0,5508,BREAST,breast,0.753,0.429,0.5,2123
1405,NAME,名字,659.0478048780486,-0.6103471550073216,12.0,4250,NAME,name,0.573,0.3,0.415,11569
1407,BREATHE,呼吸,702.9065,-0.386259378518365,14.0,5707,BREATHE,breathe,0.833,0.373,0.518,2125
1408,HEAR,听见,712.4518421052632,-0.4935835339931269,11.0,5001,HEAR,hear,0.76,0.429,0.444,8186
1409,SEE,看见,601.5807500000001,-0.7985771377829709,13.0,7164,SEE,see,0.635,0.269,0.312,15615
1412,RUDE,蛮横,916.8154999999996,0.1745983083004562,27.0,9399,RUDE,rude,0.061,0.821,0.402,15167
1413,PLAY,玩,635.2225,-0.6879612561267232,8.0,211,PLAY,play,0.812,0.765,0.358,13165
1414,SQUEEZE,挤压,754.4931578947368,-0.2852847664794805,15.0,10841,SQUEEZE,squeeze,0.458,0.676,0.532,16734
1418,DIG,刨,797.2197222222222,-0.106686293703521,7.0,85,DIG,dig,0.367,0.585,0.637,4899
1419,FEAR (BE AFRAID),害怕,604.9790243902436,-0.7344395845495149,18.0,7619,FEAR (BE AFRAID),fear,0.073,0.84,0.293,6547
1423,FIGHT,搏斗,742.064285714286,-0.372125466064695,17.0,9567,FIGHT,fight,0.531,0.868,0.809,6664
1424,YELLOW,黄色,659.4499999999999,-0.6123854346353996,17.0,8984,YELLOW,yellow,0.671,0.275,0.387,19911
1426,EXPENSIVE,昂贵,679.5744736842106,-0.5072775771287149,17.0,6080,EXPENSIVE,expensive,0.323,0.54,0.53,6281
1427,BEAUTIFUL,美丽,594.364358974359,-0.8129144366543265,16.0,7221,BEAUTIFUL,beautiful,0.875,0.614,0.648,1537
1429,FULL,全,714.3880487804878,-0.3508965839187806,6.0,54,FULL,full,0.602,0.255,0.704,7242
1430,STAR,恒星,775.8133333333335,-0.2158312904779949,18.0,6834,STAR,star,0.833,0.418,0.56,16800
1437,SPLIT,撕裂,673.7177500000001,-0.5123779986765528,27.0,10182,SPLIT,split,0.344,0.618,0.41,16652
1439,SWIM,游泳,649.6430000000001,-0.7451391080304559,20.0,9238,SWIM,swim,0.688,0.461,0.529,17452
144,MACHINE,机器,608.986842105263,-0.7076700128687126,22.0,4591,MACHINE,machine,0.51,0.5,0.707,10555
1442,STAND,站,667.7044736842106,-0.5773533967410021,10.0,388,STAND,stand,0.6,0.324,0.509,16786
1443,WALK,走,623.7458536585367,-0.7275227163804998,7.0,132,WALK,walk,0.643,0.412,0.45,19398
1447,GIVE,予,779.2852631578947,-0.2646872145171601,4.0,9,GIVE,give,0.75,0.346,0.5,7511
1448,HOLD,保持,639.3830769230769,-0.7038856014597628,18.0,6593,HOLD,hold,0.448,0.29,0.364,8415
1449,RUB,擦,731.7676923076924,-0.3527559964292318,17.0,751,RUB,rub,0.521,0.565,0.4,15155
1450,ROOM,房间,620.05575,-0.7503229262602826,15.0,5961,ROOM,room,0.729,0.283,0.445,15102
1451,SMILE,微笑,637.8263414634148,-0.7336622649208631,23.0,9531,SMILE,smile,0.906,0.598,0.618,16258
1452,PUSH,推,689.3419512195121,-0.4501594962257134,11.0,438,PUSH,push,0.417,0.608,0.524,14002
1456,THROW,投,650.8210000000001,-0.6817892116322721,7.0,106,THROW,throw,0.344,0.77,0.623,17932
1458,SAY,说,607.6892307692306,-0.8038343386192042,9.0,928,SAY,say,0.571,0.31,0.482,15377
1464,LADDER,阶梯,652.17075,-0.6198984228992426,17.0,11875,LADDER,ladder,0.56,0.438,0.358,9933
1465,BOX,箱子,614.0475609756098,-0.7170490260234695,18.0,10248,BOX,box,0.5,0.179,0.312,2062
1468,LOOK FOR,寻找,677.6815789473684,-0.4932903045027068,13.0,10753,LOOK FOR,search,0.635,0.58,0.462,15559
1469,WEEK,星期,685.8347500000002,-0.4799538075783155,21.0,6937,WEEK,week,0.51,0.231,0.351,19537
1471,WINTER,冬天,564.9092499999999,-0.8171937758476169,9.0,3211,WINTER,winter,0.663,0.355,0.5,19704
1472,KEY,钥匙,650.92975,-0.6450053041756875,20.0,11766,KEY,key,0.615,0.275,0.519,9808
1476,CHAIR,椅子,703.4973684210526,-0.4629840906141259,15.0,9209,CHAIR,chair,0.562,0.082,0.276,2774
1479,DOLPHIN,海豚,714.0535,-0.4762616949484924,21.0,7901,DOLPHIN,dolphin,0.776,0.35,0.414,5308
1480,BODY,身体,619.5810000000001,-0.7444619128102021,14.0,5425,BODY,body,0.694,0.461,0.571,1921
1481,HAMMER,锤子,735.1790000000001,-0.4154471670686023,16.0,11811,HAMMER,hammer,0.312,0.509,0.563,8013
1482,SHOULDER,肩膀,713.2910526315791,-0.4559924171157142,22.0,6364,SHOULDER,shoulder,0.562,0.286,0.406,15921
1484,OIL (ORGANIC SUBSTANCE),油,624.8548780487805,-0.6960076495599758,8.0,198,OIL (ORGANIC SUBSTANCE),oil,0.521,0.278,0.306,12089
1487,POUR,倒,722.0524999999998,-0.3755325034726047,10.0,786,POUR,pour,0.448,0.57,0.375,13419
1489,CLOUD,云朵,770.2802439024391,-0.2785681186629763,10.0,2426,CLOUD,cloud,0.74,0.133,0.342,3178
1490,RAT,鼠,676.9737499999999,-0.5535456874135126,13.0,629,RAT,rat,0.271,0.567,0.255,14230
1492,DUMB,笨,689.7036842105264,-0.5141453106297683,11.0,464,DUMB,dumb,0.188,0.33,0.151,5521
1495,HAPPY,高兴,633.4092857142857,-0.6924755643190205,16.0,8294,HAPPY,happy,1.0,0.735,0.772,8063
1499,JUICE,果汁,715.3151282051282,-0.4072401969980851,13.0,6145,JUICE,juice,0.776,0.281,0.352,9737
150,WORRY,发愁,646.148536585366,-0.6016528340997394,18.0,3354,WORRY,worry,0.245,0.776,0.267,19813
1502,GOAT,山羊,733.8855263157894,-0.4330320794126757,9.0,2253,GOAT,goat,0.448,0.304,0.364,7584
1507,FRUIT,水果,678.1690243902439,-0.5219161315694337,12.0,2976,FRUIT,fruit,0.896,0.291,0.312,7210
1508,KING,国王,679.2435897435898,-0.616936705327583,12.0,5734,KING,king,0.677,0.69,0.892,9854
1511,ROOSTER,公鸡,647.7230000000002,-0.6074925114818767,11.0,2513,ROOSTER,rooster,0.459,0.385,0.275,15108
1514,HEN,母鸡,703.4100000000001,-0.4245504345043934,12.0,3732,HEN,hen,0.385,0.276,0.241,8282
1517,WASP,黄蜂,812.2042105263156,-0.105367374479087,24.0,8989,WASP,wasp,0.39,0.62,0.406,19464
1518,STUPID,愚蠢,697.3465,-0.4677277131406591,34.0,9551,STUPID,stupid,0.133,0.51,0.2,17116
1519,RUN,跑,613.5012820512819,-0.6747382759282022,12.0,559,RUN,run,0.542,0.787,0.543,15195
152,HOOF,蹄子,909.0124324324324,0.265455796295973,19.0,10380,HOOF,hoof,0.427,0.341,0.365,8486
1521,SEEM,似乎,642.3436585365854,-0.6382565559920624,11.0,4836,SEEM,seem,0.471,0.302,0.298,15622
1522,SOCK,袜子,743.7489743589746,-0.4190017853044233,13.0,8871,SOCK,sock,0.5,0.167,0.29,16382
1523,FORGET,忘记,637.29375,-0.6778995888690299,12.0,5145,FORGET,forget,0.312,0.382,0.209,7021
1525,COAST,海岸,740.4567499999997,-0.4091476742263404,18.0,7894,COAST,coast,0.719,0.396,0.458,3209
1526,MEAL,饭菜,808.0544999999998,-0.1508075991450616,18.0,11977,MEAL,meal,0.833,0.461,0.473,10850
1528,FORGIVE,原谅,615.9682500000001,-0.8089961629039122,20.0,7582,FORGIVE,forgive,0.781,0.408,0.562,7024
153,GREY,灰色,672.2137500000001,-0.5616845589300381,12.0,4649,GREY,grey,0.347,0.14,0.295,7796
1533,BE HUNGRY,饿,725.5828205128206,-0.3709777208915503,10.0,996,BE HUNGRY,hungry,0.083,0.69,0.254,8631
1534,FEVER,发烧,643.3043902439026,-0.6296900685565947,15.0,3362,FEVER,fever,0.194,0.674,0.364,6633
1536,UNDERSTAND,明白,554.450975609756,-0.9551540242970056,13.0,6086,UNDERSTAND,understand,0.76,0.374,0.643,18669
1538,SCORPION,蝎子,779.691052631579,-0.1889900241069264,18.0,10264,SCORPION,scorpion,0.198,0.745,0.6,15482
1539,BASKET,篮子,738.3023684210526,-0.2965559372336798,19.0,11083,BASKET,basket,0.458,0.227,0.336,1459
1541,CULTIVATE,培育,780.0712500000001,-0.2793359720783117,19.0,8385,CULTIVATE,cultivate,0.708,0.41,0.598,4232
1543,SNAIL,蜗牛,688.7002631578947,-0.5259858027841992,17.0,11325,SNAIL,snail,0.48,0.104,0.296,16293
1545,HOST,主人,618.2236585365854,-0.7155825310687823,7.0,3126,HOST,host,0.693,0.471,0.537,8543
1548,UGLY,丑陋,721.7945,-0.3893257647976429,12.0,2380,UGLY,ugly,0.167,0.63,0.254,18531
1550,PREVENT,阻止,637.5482926829269,-0.6388871623668373,11.0,6516,PREVENT,prevent,0.635,0.481,0.575,13599
1556,YOLK,蛋黄,803.457297297297,-0.0735428403357948,22.0,8863,YOLK,yolk,0.49,0.306,0.28,19930
1558,SIMILAR,类似,747.0285000000001,-0.2594213737281812,15.0,7211,SIMILAR,similar,0.562,0.25,0.423,16031
1560,FACE,脸,652.4905128205129,-0.670591540820634,11.0,802,FACE,face,0.571,0.173,0.453,6402
1561,ARMY,军队,659.5394871794874,-0.4527591730239901,10.0,10651,ARMY,army,0.417,0.759,0.902,951
1562,MIND,脑海,713.782,-0.3932083193458514,20.0,11273,MIND,mind,0.65,0.388,0.627,11097
1563,PYTHON,蟒蛇,733.7167500000002,-0.2877357074271538,27.0,10452,PYTHON,python,0.219,0.618,0.618,14025
1564,LAZY,懒惰,763.7661538461538,-0.2936858963140311,28.0,10821,LAZY,lazy,0.392,0.264,0.096,10062
1565,HEAVEN,天堂,622.4572499999999,-0.7112468538625157,15.0,2677,HEAVEN,heaven,0.896,0.385,0.6,8219
1568,ARRANGE,安排,712.1748717948718,-0.4818344055928378,17.0,4425,ARRANGE,arrange,0.74,0.49,0.571,958
1569,CHEESE,芝士,778.7444444444444,-0.1825208755327943,9.0,6377,CHEESE,cheese,0.74,0.28,0.281,2882
1573,SWELL,膨胀,750.0419999999999,-0.392247266330418,24.0,10371,SWELL,swell,0.36,0.679,0.348,17444
1574,FLOAT,漂浮,659.0580000000003,-0.5196905066939768,24.0,9955,FLOAT,float,0.688,0.394,0.344,6862
1575,COCKROACH,蟑螂,746.9958974358975,-0.270556303417085,31.0,10451,COCKROACH,cockroach,0.188,0.667,0.196,3225
1585,SLEEP,睡觉,670.3245,-0.5725626401285873,22.0,9995,SLEEP,sleep,0.719,0.09,0.339,16170
1590,WAIT (FOR),等待,651.5617500000001,-0.6627531554157284,21.0,9334,WAIT (FOR),wait,0.224,0.167,0.264,19390
1592,CHEST,胸口,700.1395000000001,-0.4900996492090848,13.0,8122,CHEST,chest,0.52,0.429,0.481,2900
1594,FLOUR,面粉,636.7555,-0.5997446700966553,19.0,7423,FLOUR,flour,0.53,0.235,0.239,6878
1597,AIRPLANE,飞机,584.7165789473684,-0.8238105083354349,9.0,2325,AIRPLANE,airplane,0.719,0.702,0.708,442
1598,NORTH,北,620.0385365853659,-0.6920998935520731,5.0,30,NORTH,north,0.531,0.255,0.45,11845
1600,SKIRT,裙子,719.5033333333334,-0.4855360306781751,15.0,9759,SKIRT,skirt,0.602,0.463,0.226,16131
1601,WEAK,衰弱,759.4565853658538,-0.381963682091351,20.0,8175,WEAK,weak,0.18,0.241,0.045,19502
1606,INSIDE,里面,623.7175,-0.6807610490463449,16.0,5473,INSIDE,inside,0.612,0.404,0.472,9289
1607,HATE,恨,677.6112499999998,-0.5260488921740267,9.0,256,HATE,hate,0.031,0.802,0.43,8125
1609,IDEA,主意,699.9967499999999,-0.507883938829593,18.0,3141,IDEA,idea,0.75,0.538,0.704,8723
1610,PROSTITUTE,妓女,655.8120512820511,-0.6102428075599619,10.0,5068,PROSTITUTE,prostitute,0.167,0.86,0.427,13825
1613,COLOR,颜色,619.7395121951218,-0.7330768433408856,21.0,11958,COLOR,color,0.786,0.28,0.402,3317
1616,CLOTH,布料,673.4653658536583,-0.4973448815843324,15.0,3582,CLOTH,cloth,0.51,0.19,0.287,3173
1619,GRANDDAUGHTER,孙女,655.74775,-0.5939306741534006,9.0,10741,GRANDDAUGHTER,granddaughter,0.823,0.445,0.389,7699
1620,SON,儿子,626.3279487179486,-0.7086014247771695,5.0,2060,SON,son,0.792,0.365,0.528,16444
1622,SHIRT,衬衫,734.59925,-0.3709411841459899,16.0,11329,SHIRT,shirt,0.698,0.186,0.231,15868
1623,SPEAK,说话,587.80025,-0.827527531097022,17.0,11477,SPEAK,speak,0.765,0.472,0.5,16549
1624,EMPTY,空,671.3969230769229,-0.5423515063224646,8.0,216,EMPTY,empty,0.188,0.183,0.081,5834
1628,SQUIRREL,松鼠,633.7643902439025,-0.6603851780498657,21.0,6120,SQUIRREL,squirrel,0.592,0.358,0.333,16741
1629,EVENING,傍晚,702.4011904761903,-0.5231896936451472,23.0,8991,EVENING,evening,0.458,0.185,0.318,6137
1631,FAST,快,667.1340476190477,-0.6671710604390165,7.0,99,FAST,quick,0.704,0.755,0.75,14083
1633,FLAT,扁,841.1084615384615,-0.0186430923012507,9.0,257,FLAT,flat,0.408,0.236,0.303,6815
1634,HUNDRED,百,729.169512195122,-0.3093332359852991,6.0,66,HUNDRED,hundred,0.604,0.37,0.406,8628
1635,OBEY,服从,723.5759999999998,-0.3950528813134256,12.0,6109,OBEY,obey,0.677,0.433,0.533,11968
1637,AUTHORITY,权威,670.3272499999999,-0.5611360075725222,15.0,10884,AUTHORITY,authority,0.592,0.592,0.934,1191
1638,TRUTH,真理,637.9976315789472,-0.7139990200490024,21.0,8013,TRUTH,truth,0.971,0.4,0.685,18407
1639,BEER,啤酒,696.3214634146344,-0.5027720490597051,21.0,8382,BEER,beer,0.592,0.654,0.5,1559
1641,SILK,绸缎,849.4412820512822,0.0356804099644784,23.0,11216,SILK,silk,0.76,0.115,0.3,16020
1642,NIECE,侄女,667.9764999999999,-0.5560834834819267,11.0,5545,NIECE,niece,0.771,0.32,0.4,11754
1644,RELATIVES,亲人,712.9178048780486,-0.5397780795688942,11.0,6555,RELATIVES,relative,0.5,0.378,0.386,14584
1645,SHORT,短,742.7784999999997,-0.2855329157805747,12.0,535,SHORT,short,0.184,0.264,0.237,15905
1654,LIGHTNING,闪电,745.1936842105262,-0.3305621778607833,10.0,11828,LIGHTNING,lightning,0.429,0.683,0.595,10241
1655,BLINK,眨眼,718.7760975609757,-0.4080488094191656,20.0,8015,BLINK,blink,0.552,0.316,0.324,1830
1657,TRUE,真,672.5968292682926,-0.5079779204187492,10.0,384,TRUE,true,0.896,0.436,0.777,18390
1666,MUTE,哑巴,696.874,-0.4761015981382748,13.0,10692,MUTE,mute,0.271,0.2,0.25,11530
1667,HOLE,窟窿,863.0835,0.0432337962419319,29.0,9711,HOLE,hole,0.531,0.31,0.33,8419
1669,ANCESTORS,祖宗,615.6849999999998,-0.7547269823915169,17.0,8032,ANCESTORS,ancestor,0.592,0.388,0.594,651
167,MAIL,邮件,692.0374358974359,-0.5339107292429573,13.0,6484,MAIL,mail,0.615,0.231,0.548,10603
1672,WRITE,写,672.473076923077,-0.6186907151953775,5.0,29,WRITE,write,0.612,0.387,0.534,19862
1673,ARM,胳膊,726.2169999999999,-0.3534763891173062,24.0,8118,ARM,arm,0.552,0.285,0.469,939
1674,POOR,贫穷,704.9228947368421,-0.4834037141248976,15.0,11585,POOR,poor,0.156,0.358,0.087,13319
1675,PROMISE,答应,596.4256097560975,-0.7762588523065109,19.0,9342,PROMISE,promise,0.823,0.5,0.704,13759
1678,HUT,棚屋,869.8233333333332,0.1249867785093842,21.0,9203,HUT,hut,0.633,0.27,0.375,8659
168,REST,休息,589.8259999999998,-0.8700480820921166,16.0,4000,REST,rest,0.907,0.167,0.3,14834
1680,HELMET,头盔,733.2884615384615,-0.3222042565594603,16.0,3520,HELMET,helmet,0.573,0.327,0.402,8263
1682,GUILTY,内疚,711.0407692307692,-0.4053447963353207,12.0,2525,GUILTY,guilty,0.135,0.77,0.352,7907
1683,BUSH,灌木,815.7381578947368,-0.1767945347626227,24.0,10515,BUSH,bush,0.413,0.22,0.315,2338
1688,FATE,命运,630.03925,-0.7008893767581754,15.0,5712,FATE,fate,0.571,0.479,0.712,6518
1690,FENCE,篱笆,866.7216216216214,0.052541136296719,26.0,10420,FENCE,fence,0.5,0.198,0.398,6601
1698,CURVED,弯曲,780.1568421052632,-0.1710048707330108,15.0,6800,CURVED,curved,0.542,0.407,0.337,4276
1702,HOLY,神圣,764.9460526315788,-0.3127415651489558,14.0,8038,HOLY,holy,0.812,0.112,0.69,8432
1711,TELL,告诉,682.3140000000001,-0.55401485150591,14.0,5033,TELL,tell,0.551,0.35,0.457,17714
1719,BURY,安葬,671.8873170731707,-0.5401448769611799,18.0,4430,BURY,bury,0.077,0.571,0.346,2335
1720,SIGN,记号,766.30225,-0.2724037542781813,10.0,11387,SIGN,sign,0.62,0.481,0.397,16005
1725,CORRECT (RIGHT),正确,611.62575,-0.8161079784622591,17.0,3718,CORRECT (RIGHT),correct,0.857,0.306,0.723,3914
1728,ROTTEN,腐烂,717.2176923076922,-0.4015886143066191,23.0,10057,ROTTEN,rotten,0.104,0.59,0.327,15127
1730,CHEEK,脸颊,663.6432500000001,-0.5817198297847439,23.0,11277,CHEEK,cheek,0.67,0.314,0.421,2868
1732,SKY,天,657.3460975609755,-0.6489036740841315,4.0,14,SKY,sky,0.958,0.234,0.401,16138
1733,RAINBOW,彩虹,646.3555,-0.6164095133354145,20.0,8462,RAINBOW,rainbow,0.878,0.35,0.462,14171
1735,TEAR (SHRED),撕,707.9419512195121,-0.3894113325952,15.0,684,TEAR (SHRED),tear,0.404,0.62,0.327,17669
174,PROUD,自豪,678.0622500000002,-0.5183886802460027,20.0,4739,PROUD,proud,0.906,0.7,0.873,13844
1740,PINE,松树,678.3465853658533,-0.5076319620063775,17.0,6119,PINE,pine,0.583,0.225,0.312,13058
1745,HIP,臀部,837.7544736842107,-0.0127096431102461,27.0,10433,HIP,hip,0.448,0.415,0.345,8376
1746,BLADDER,膀胱,775.8392682926828,-0.2408563410938393,24.0,10058,BLADDER,bladder,0.406,0.412,0.33,1786
1747,CUSTOM,风俗,690.7868421052631,-0.4972200970427865,13.0,3093,CUSTOM,custom,0.552,0.382,0.688,4287
1749,TAKE,拿走,715.16,-0.3807933557442589,17.0,7729,TAKE,take,0.828,0.537,0.348,17566
175,BLOW (OF WIND),刮,801.0494871794872,-0.0602649347414459,8.0,156,BLOW (OF WIND),blow,0.316,0.75,0.57,1868
1750,CHOOSE,选择,652.284,-0.6047445179230934,17.0,8238,CHOOSE,choose,0.615,0.542,0.648,2960
1752,LEAVE,离开,707.8499999999998,-0.3388147826288857,14.0,8779,LEAVE,leave,0.375,0.315,0.295,10090
1756,WIDOW,寡妇,636.2643902439024,-0.6491576498408885,20.0,9902,WIDOW,widow,0.25,0.45,0.265,19649
1757,TIRED,累,647.7743589743588,-0.6382785512980137,11.0,465,TIRED,tired,0.125,0.317,0.191,18026
1763,CLUB,俱乐部,722.4107692307696,-0.3895169155904769,25.0,22701,CLUB,club,0.646,0.618,0.393,3189
1766,FINISH,完成,644.2602564102564,-0.6503143075010467,13.0,5083,FINISH,finish,0.471,0.429,0.545,6714
1768,FOAM,泡沫,664.6781578947368,-0.5341191293826382,16.0,6217,FOAM,foam,0.698,0.23,0.204,6917
1773,GRAVE,坟墓,696.8354999999999,-0.4862085996049804,20.0,5057,GRAVE,grave,0.153,0.385,0.386,7746
1774,STINGY,吝啬,705.3651351351352,-0.4514244834688017,18.0,4988,STINGY,stingy,0.094,0.548,0.283,16936
1775,TABLE,桌子,691.2935897435898,-0.5195751122571153,13.0,7840,TABLE,table,0.551,0.17,0.284,17527
1776,SHAME,耻辱,674.635,-0.5025240061862827,20.0,8114,SHAME,shame,0.06,0.67,0.155,15793
1781,THUMB,拇指,740.5674358974358,-0.3421963969319297,17.0,6016,THUMB,thumb,0.673,0.271,0.361,17941
1782,GUEST,客人,677.47575,-0.503818241262868,11.0,6739,GUEST,guest,0.719,0.49,0.558,7896
1783,PAIN,疼痛,686.4868421052629,-0.5400218700816911,22.0,7988,PAIN,pain,0.012,0.765,0.395,12451
1788,TELEVISION,电视,614.50325,-0.7043227125638868,13.0,3833,TELEVISION,television,0.633,0.391,0.547,17713
1789,AGE,年龄,600.7312499999999,-0.7849151705359418,19.0,4469,AGE,age,0.561,0.226,0.498,373
1791,BUTTERFLY,蝴蝶,586.1707692307693,-0.7809339573784999,30.0,10267,BUTTERFLY,butterfly,0.892,0.327,0.314,2360
1793,BAT,蝙蝠,764.2529999999999,-0.2070874611755735,30.0,10266,BAT,bat,0.324,0.409,0.48,1469
1798,GUNPOWDER,火药,650.64625,-0.6006726782892137,13.0,3012,GUNPOWDER,gunpowder,0.425,0.853,0.509,7935
1804,BOMB,轰炸,663.3007500000001,-0.5572666351735138,17.0,11681,BOMB,bomb,0.167,0.912,0.75,1939
1808,PUS,脓,881.585625,0.1483186443621697,10.0,901,PUS,pus,0.135,0.431,0.226,14001
1810,DANGER,危险,601.7192307692308,-0.7645522237155593,15.0,4185,DANGER,danger,0.115,0.923,0.673,4356
1812,TRY,尝试,687.1689743589743,-0.4475210757497025,17.0,10763,TRY,try,0.604,0.551,0.556,18410
1814,ACCUSE,指控,768.4487499999999,-0.293447498482665,20.0,6885,ACCUSE,accuse,0.133,0.752,0.5,140
1817,WEST,西方,744.9060000000001,-0.31545785930526,10.0,4787,WEST,west,0.562,0.337,0.414,19571
1820,BEAR,熊,687.1575000000001,-0.5003907868023065,14.0,647,BEAR,bear,0.448,0.57,0.475,1519
1823,BORROW,借,662.5721621621622,-0.5950392267486997,10.0,320,BORROW,borrow,0.398,0.573,0.282,2018
1825,COPPER,铜,794.1438461538461,-0.1021489764450779,11.0,480,COPPER,copper,0.58,0.26,0.5,3871
1828,ASK (REQUEST),要求,629.395,-0.7623036278989611,16.0,7335,ASK (REQUEST),request,0.625,0.471,0.618,14753
183,BAKE,烘烤,686.5885000000001,-0.4930125687707572,20.0,7939,BAKE,bake,0.867,0.418,0.519,1328
1831,MEET,遇见,611.1829268292682,-0.7543256469124606,16.0,9815,MEET,meet,0.76,0.51,0.58,10906
1833,DINNER (SUPPER),晚饭,661.9760975609756,-0.5429723711081451,18.0,8603,DINNER (SUPPER),dinner,0.823,0.392,0.379,4940
1838,NAVEL,肚脐,815.1641025641026,-0.1401984605700413,17.0,5372,NAVEL,navel,0.448,0.261,0.276,11620
1839,CRY,哭,633.5564102564102,-0.7336952338701532,10.0,328,CRY,cry,0.133,0.627,0.255,4200
1840,BUILD,建立,638.8597560975609,-0.6552002378361034,13.0,6792,BUILD,build,0.771,0.546,0.806,2254
1841,SUSPECT,怀疑,659.4239024390242,-0.5570935379607662,21.0,5160,SUSPECT,suspect,0.133,0.75,0.509,17392
1846,RULE,规则,648.9502500000001,-0.6629675219951445,14.0,11345,RULE,rule,0.567,0.427,0.593,15184
1847,SICK,生病,734.3739999999999,-0.3961865996792962,15.0,3786,SICK,sick,0.104,0.431,0.136,15975
1848,QUARREL,吵架,676.7995000000002,-0.5712113058654016,16.0,5011,QUARREL,quarrel,0.112,0.929,0.496,14051
1850,COTTON,棉花,610.5142857142857,-0.7552302172310221,19.0,9194,COTTON,cotton,0.639,0.071,0.24,3953
1852,OFTEN,常常,629.4825,-0.6170597769061132,22.0,8443,OFTEN,frequently,0.596,0.423,0.634,7151
1853,DOVE,鸽子,685.0995,-0.491685828561997,14.0,12055,DOVE,dove,0.729,0.235,0.437,5378
1854,SPARROW,麻雀,652.2428205128206,-0.5346984253451565,22.0,8976,SPARROW,sparrow,0.583,0.46,0.327,16539
1856,SOFT,柔软,761.05175,-0.2813510712271673,17.0,6971,SOFT,soft,0.76,0.179,0.232,16390
1857,CROCODILE,鳄鱼,708.9656097560975,-0.3887844198252748,25.0,12042,CROCODILE,crocodile,0.344,0.708,0.61,4142
1867,COIN,硬币,631.5235897435897,-0.6459218892716194,16.0,9301,COIN,coin,0.677,0.574,0.445,3267
1869,BUY,购买,643.9512820512822,-0.658168222248721,14.0,11590,BUY,buy,0.771,0.769,0.612,2369
1871,CAMEL,骆驼,715.2833333333334,-0.4474449708702233,17.0,12021,CAMEL,camel,0.54,0.282,0.314,2452
1875,REGRET,后悔,668.476904761905,-0.637694061329792,16.0,4274,REGRET,sorry,0.406,0.362,0.212,16474
1879,DANCE,跳舞,612.8185365853658,-0.7431288437589966,27.0,9791,DANCE,dance,0.894,0.84,0.551,4351
1880,PASSIONATE,热情,633.3897435897436,-0.7429241091273826,21.0,10989,PASSIONATE,passionate,0.99,0.827,0.731,12637
1882,BEFORE,之前,665.4899999999999,-0.5424245438156308,12.0,2423,BEFORE,till,0.49,0.327,0.319,17983
1884,HARD,坚硬,766.0375000000001,-0.2865007204848305,19.0,10721,HARD,hard,0.302,0.708,0.616,8077
1886,ARMPIT,腋下,676.5405128205128,-0.4380112070826297,15.0,9367,ARMPIT,armpit,0.283,0.439,0.25,949
1887,CHEAP,便宜,671.1969230769231,-0.5842534179276719,17.0,6573,CHEAP,cheap,0.612,0.471,0.272,2853
1890,BELIEVE,相信,630.5214634146341,-0.6894718132977743,18.0,7146,BELIEVE,believe,0.781,0.37,0.682,1591
1894,ASHAMED,惭愧,686.6484615384616,-0.5104602157259678,23.0,10816,ASHAMED,ashamed,0.156,0.588,0.228,1011
1895,CLOTHES,衣服,627.77,-0.7263369591828536,14.0,4781,CLOTHES,clothes,0.833,0.27,0.414,3175
1897,HELP,帮助,704.7304878048781,-0.4504166719927549,16.0,7680,HELP,help,0.673,0.471,0.46,8265
1909,SHAKE,摇,705.9575,-0.4192562601303711,13.0,583,SHAKE,shake,0.439,0.689,0.539,15781
1917,TIE,绑,673.112857142857,-0.5472783195000078,9.0,890,TIE,tie,0.663,0.464,0.431,17972
1919,TORCH,火把,709.0279487179487,-0.4019335868017125,11.0,3006,TORCH,torch,0.531,0.63,0.545,18111
192,CORNER,角落,654.9753658536587,-0.5961474593978222,19.0,5390,CORNER,corner,0.4,0.296,0.366,3892
1924,VEIN,血管,675.1695,-0.5588339402726616,20.0,4761,VEIN,vein,0.347,0.373,0.318,19139
1926,OINTMENT,膏药,766.8807894736842,-0.2523553931688482,23.0,10060,OINTMENT,ointment,0.438,0.271,0.398,12093
1934,BEGGAR,乞丐,662.1472499999999,-0.5587115982568531,7.0,2147,BEGGAR,beggar,0.24,0.402,0.116,1568
1935,ANUS,肛门,848.451,-0.0315514098841299,10.0,5373,ANUS,anus,0.347,0.644,0.35,775
1938,FORTRESS,城堡,650.6026829268291,-0.5939311668783334,21.0,6702,FORTRESS,fortress,0.816,0.5,0.933,7064
1939,SWEAR,发誓,643.0751282051283,-0.7299296139493235,19.0,3358,SWEAR,swear,0.601,0.577,0.658,17424
194,FAMILY,户,692.9707894736845,-0.4624762587152988,4.0,17,FAMILY,family,0.968,0.383,0.643,6466
1941,SOLDIER,士兵,659.421794871795,-0.5583766069856775,10.0,2191,SOLDIER,soldier,0.392,0.708,0.768,16409
1943,CROWN (OF HEAD),王冠,863.61275,-0.0295113574906026,13.0,3051,CROWN (OF HEAD),crown,0.708,0.572,0.737,4168
1963,IMMEDIATELY,立刻,587.7828571428572,-0.86980920252817,13.0,3903,IMMEDIATELY,immediately,0.552,0.78,0.707,8806
1964,ALONE,单独,669.45525,-0.6673548571399908,17.0,5638,ALONE,alone,0.333,0.167,0.216,534
1967,CALENDAR,日历,619.4136842105263,-0.7301418743975462,8.0,2888,CALENDAR,calendar,0.48,0.212,0.473,2427
1968,SOYA SAUCE,酱油,741.6935,-0.3230918204371481,21.0,11748,SOYA SAUCE,soy sauce,0.573,0.382,0.318,16512
197,OTHER,其他,635.3289473684212,-0.6669664491356505,13.0,5573,OTHER,other,0.472,0.23,0.259,12266
1973,DEMON,恶魔,707.5305000000001,-0.5102273001998181,30.0,10810,DEMON,demon,0.037,0.908,0.509,4625
1974,CENTIPEDE,蜈蚣,682.7412195121952,-0.4761811380239861,23.0,9756,CENTIPEDE,centipede,0.296,0.399,0.361,2738
1977,DEW,露,689.8512820512819,-0.5178695834720695,21.0,813,DEW,dew,0.604,0.225,0.464,4835
1986,DISEASE,疾病,596.3182926829268,-0.8016448598983187,20.0,7992,DISEASE,disease,0.041,0.539,0.333,5056
1989,CALF,牛犊,826.3499999999999,-0.0224397268060102,16.0,3044,CALF,calf,0.531,0.366,0.336,2429
1993,SELF,自己,612.426052631579,-0.7453944943248407,9.0,4725,SELF,self,0.704,0.37,0.5,15640
1999,OVERCOME,克服,641.597380952381,-0.7177517765376956,15.0,4911,OVERCOME,overcome,0.719,0.689,0.848,12338
2,DUST,灰尘,689.9024324324324,-0.5349170152164233,12.0,4648,DUST,dust,0.344,0.246,0.241,5550
2002,DITCH,沟,698.5144736842105,-0.5358492817942583,7.0,118,DITCH,ditch,0.357,0.364,0.322,5229
2003,FLOW,流,746.3542105263159,-0.3607799372915612,10.0,277,FLOW,flow,0.696,0.316,0.464,6880
2005,MASK,面具,683.8464285714284,-0.5829458099870941,17.0,7419,MASK,mask,0.51,0.49,0.537,10776
2006,FILL,填,735.9871794871793,-0.3045587094803164,13.0,575,FILL,fill,0.729,0.449,0.637,6680
2008,RESCUE,救援,722.2034146341463,-0.3459083345094844,23.0,8574,RESCUE,rescue,0.806,0.926,0.85,14766
2009,DOG,狗,650.89275,-0.5619884302048865,8.0,210,DOG,dog,0.704,0.5,0.407,5291
2011,COFFIN,棺材,697.2755000000001,-0.4646998100500298,19.0,9208,COFFIN,coffin,0.073,0.432,0.343,3252
2014,GO DOWN (DESCEND),降落,687.9637500000001,-0.5703598501247374,20.0,7407,GO DOWN (DESCEND),descend,0.385,0.535,0.231,4712
2016,JEALOUSY,嫉妒,648.4174999999999,-0.6435227608687273,20.0,9522,JEALOUSY,jealousy,0.146,0.783,0.481,9651
2017,MIX,混合,715.1478048780489,-0.4372629171754719,18.0,8652,MIX,mix,0.542,0.49,0.472,11211
2018,GREEDY,贪婪,754.4555263157895,-0.2524319869898699,19.0,11581,GREEDY,greedy,0.125,0.66,0.476,7783
202,STRENGTH,力气,722.1170731707317,-0.3940832451719259,6.0,2075,STRENGTH,strength,0.802,0.682,0.858,17037
2022,ADMIT,承认,595.4134146341463,-0.7856232024628483,12.0,5975,ADMIT,admit,0.538,0.423,0.667,260
2024,PLOT,情节,705.967,-0.439366385408093,16.0,8495,PLOT,plot,0.469,0.567,0.51,13207
203,MARRY,结婚,621.2887179487179,-0.7915536242250799,20.0,11176,MARRY,marry,0.896,0.765,0.673,10755
2035,POND,池塘,702.2741025641028,-0.4431046826435688,19.0,4637,POND,pond,0.52,0.337,0.358,13305
2040,BUCKWHEAT,荞,1029.2007142857142,0.9363213946717204,9.0,906,BUCKWHEAT,buckwheat,0.49,0.471,0.434,2233
2041,HEMP,麻,697.172105263158,-0.4956972802298979,11.0,484,HEMP,hemp,0.469,0.439,0.422,8281
2052,BUCKET,水桶,680.0699999999999,-0.5453573723282273,15.0,2984,BUCKET,bucket,0.408,0.167,0.336,2228
2057,DUNG (ANIMAL FAECES),肥料,715.3778571428572,-0.4013593062379308,18.0,6362,DUNG (ANIMAL FAECES),dung,0.104,0.549,0.149,5535
2058,STOOL,凳子,730.0234146341461,-0.426633435029098,17.0,9879,STOOL,stool,0.448,0.269,0.302,16971
2060,STORY,故事,675.054358974359,-0.5252438963194573,17.0,6920,STORY,story,0.653,0.406,0.704,16990
2062,INTEREST,利息,699.4509999999998,-0.380832868363176,17.0,4944,INTEREST,interest,0.78,0.667,0.618,9402
2069,SOAK (VERB),泡,666.8172972972974,-0.5540226762177174,8.0,201,SOAK (VERB),soak,0.48,0.37,0.24,16356
207,SPARSE,寥寥,820.9630769230771,-0.1677957737578537,28.0,9903,SPARSE,sparse,0.24,0.367,0.209,16540
2072,USE (VERB),用,633.2197435897436,-0.6500636444988002,5.0,42,USE (VERB),use,0.438,0.358,0.409,19021
2073,ROB (VERB),抢劫,698.7699999999999,-0.3877716462776321,14.0,10831,ROB (VERB),rob,0.112,0.84,0.5,15067
2076,SPROUT (VERB),发芽,692.0046153846156,-0.403519627491726,12.0,3343,SPROUT (VERB),sprout,0.582,0.565,0.443,16707
208,NASAL MUCUS (SNOT),鼻涕,770.3095000000001,-0.3566608699986662,24.0,10126,NASAL MUCUS (SNOT),snot,0.214,0.34,0.269,16332
2099,CHILD,孩子,635.4023076923078,-0.7144791160600173,12.0,6736,CHILD,child,0.912,0.46,0.413,2915
21,TASTE (SOMETHING),品味,681.731707317073,-0.5248884522117283,17.0,6678,TASTE (SOMETHING),taste,0.802,0.406,0.465,17635
210,LIFE,生命,628.1366666666667,-0.6793938746901238,13.0,3781,LIFE,life,0.918,0.615,0.824,10213
2102,BURN,燃烧,656.9021052631579,-0.5998623933206088,26.0,10355,BURN,burn,0.219,0.783,0.509,2321
212,FIELD,田,769.3545945945948,-0.2131484689231568,5.0,43,FIELD,field,0.64,0.38,0.336,6652
2134,RAISE (BRING UP),提高,646.1946153846152,-0.6582873721329664,22.0,9124,RAISE (BRING UP),raise,0.885,0.685,0.765,14182
2149,CHOP (INTO PIECES),剁,756.0892499999998,-0.3409227917081389,8.0,483,CHOP (INTO PIECES),chop,0.25,0.655,0.467,2963
2154,PLOUGH (INSTRUMENT),犁,851.2655263157897,-0.0550099139928553,11.0,454,PLOUGH (INSTRUMENT),plow,0.531,0.56,0.456,13211
2159,GROUND,地,665.0742499999999,-0.6400244683236362,6.0,58,GROUND,ground,0.398,0.343,0.602,7842
216,MOVIE,电影,627.6904999999999,-0.7708166897858824,20.0,3838,MOVIE,movie,0.792,0.56,0.471,11442
2165,SLOWLY,慢慢,716.2087179487179,-0.3843994731263705,28.0,9911,SLOWLY,slowly,0.427,0.185,0.295,16224
219,TOILET,厕所,575.0743902439026,-0.8685791789642323,16.0,10686,TOILET,toilet,0.49,0.29,0.233,18060
2190,TASTE,味道,629.8405,-0.6978041040100463,20.0,5701,TASTE,savor,0.827,0.552,0.526,15369
2194,FRONT (PART),前面,634.6855,-0.682196650630758,18.0,6641,FRONT (PART),front,0.677,0.35,0.623,7193
2214,AFFAIR,事情,643.288,-0.6452969641833025,19.0,5521,AFFAIR,affair,0.52,0.459,0.657,330
2216,BECOME NUMB,麻木,742.5992105263156,-0.3227112171287439,15.0,8973,BECOME NUMB,numb,0.108,0.42,0.352,11918
2232,KEEN OR SUBTLE,微妙,724.7887804878048,-0.3234463286638873,20.0,9530,KEEN OR SUBTLE,subtle,0.708,0.167,0.228,17195
224,MORTAR,臼,1024.245925925926,0.5686311661528992,6.0,689,MORTAR,mortar,0.333,0.627,0.562,11376
2242,BEETLE,甲虫,699.7186842105264,-0.4785236742888082,11.0,3812,BEETLE,beetle,0.323,0.356,0.295,1562
2243,REPAIR,补,644.1910526315789,-0.5774694427275534,7.0,223,REPAIR,repair,0.583,0.46,0.589,14683
2244,METAL,金属,737.9754999999999,-0.3163833601694722,20.0,6508,METAL,metal,0.551,0.429,0.547,10991
2246,BELL,钟,630.5579487179489,-0.6783985860500067,9.0,717,BELL,bell,0.552,0.51,0.505,1597
2247,CATERPILLAR,毛虫,840.1168571428574,0.0285684410506978,10.0,2940,CATERPILLAR,caterpillar,0.461,0.286,0.33,2660
225,PESTLE,杵,911.3156666666664,0.210281413472553,8.0,193,PESTLE,pestle,0.427,0.463,0.426,12925
2271,THINK,想,641.1735897435898,-0.6308744001502296,13.0,577,THINK,think,0.786,0.408,0.618,17881
2291,VOLCANO,火山,723.0369047619047,-0.3329427720015142,7.0,3002,VOLCANO,volcano,0.24,0.844,0.787,19338
2295,SUNSET,日落,709.0342105263156,-0.3965718932919936,16.0,2896,SUNSET,sunset,0.875,0.231,0.298,17294
2296,SUNRISE,日出,768.0113157894738,-0.3172084948616816,9.0,2889,SUNRISE,sunrise,0.823,0.347,0.64,17291
2297,DUSK,黄昏,674.7955,-0.5626109275410439,19.0,8985,DUSK,dusk,0.532,0.276,0.519,5548
2316,FREE,自由,655.8235897435898,-0.612765278886253,11.0,4729,FREE,free,0.896,0.5,0.544,7130
2318,CHESTNUT,栗子,807.1525,-0.1588564998858259,13.0,7797,CHESTNUT,chestnut,0.714,0.21,0.294,2901
2334,MELT,融化,687.0489999999999,-0.4600755897276157,20.0,10374,MELT,melt,0.448,0.615,0.312,10919
2335,CUNNING,狡猾,691.47925,-0.4590985245443482,21.0,7091,CUNNING,cunning,0.604,0.685,0.683,4241
2344,PETROL,汽油,648.1926315789475,-0.5973062891333011,15.0,5299,PETROL,petrol,0.418,0.519,0.577,12936
2348,CRAB,螃蟹,760.5321052631579,-0.3020525557858674,35.0,10373,CRAB,crab,0.421,0.396,0.33,4027
2349,SHRIMP,虾,688.8836842105262,-0.4492443751293173,9.0,308,SHRIMP,shrimp,0.571,0.361,0.425,15943
2352,DRAGONFLY,蜻蜓,791.5707894736842,-0.104564812484355,26.0,10093,DRAGONFLY,dragonfly,0.571,0.373,0.357,5402
2354,CRICKET,蟋蟀,797.9789999999998,-0.247178441399118,34.0,10450,CRICKET,cricket,0.423,0.539,0.37,4115
2359,LOTUS,荷花,641.7985000000001,-0.5998871271152117,17.0,8839,LOTUS,lotus,0.604,0.377,0.51,10445
236,STEPMOTHER,继母,645.2853658536585,-0.6171794486981388,15.0,11195,STEPMOTHER,stepmother,0.427,0.53,0.484,16887
2366,ONION,洋葱,696.5105,-0.4027233840971427,21.0,7010,ONION,onion,0.378,0.367,0.382,12126
2374,DREAM,梦想,623.62075,-0.6943309957725813,24.0,8615,DREAM,dream,0.844,0.157,0.328,5428
2376,HORIZONTAL,横,706.9277499999998,-0.4021671139858488,15.0,690,HORIZONTAL,horizontal,0.573,0.304,0.387,8508
2386,TURKEY,火鸡,801.9842500000002,-0.11949584823599,11.0,3018,TURKEY,turkey,0.634,0.245,0.247,18453
24,PRAY,祈祷,704.9953658536585,-0.4072176388578628,19.0,7182,PRAY,pray,0.714,0.127,0.627,13455
240,ELECTION,选举,768.3084999999999,-0.2819719368340889,18.0,8237,ELECTION,election,0.625,0.519,0.651,5708
2401,PICTURE,画面,695.3442499999998,-0.5277256813003288,17.0,6285,PICTURE,picture,0.714,0.308,0.462,13019
2403,TOY,玩具,636.1235897435898,-0.6616214532176359,16.0,6272,TOY,toy,0.878,0.42,0.275,18163
2407,BIRTHDAY,生日,579.91325,-0.8539619685656913,9.0,3777,BIRTHDAY,birthday,0.969,0.844,0.575,1746
2408,CAKE,蛋糕,624.6261111111112,-0.7255692140914908,27.0,8864,CAKE,cake,0.81,0.375,0.287,2414
2409,BROWN,棕色,713.381081081081,-0.3837249646744703,18.0,9200,BROWN,brown,0.396,0.202,0.293,2208
2411,HURT (SOMEBODY),伤害,636.7439024390243,-0.6525098934193884,16.0,10620,HURT (SOMEBODY),hurt,0.062,0.773,0.291,8647
242,COST,价钱,627.8076315789474,-0.6943099154129528,16.0,3968,COST,cost,0.365,0.42,0.439,3946
2423,CHANNEL,频道,700.9443589743588,-0.3996087969444077,25.0,11952,CHANNEL,channel,0.49,0.287,0.405,2801
2425,PROBLEM,问题,642.3758974358975,-0.570136159457223,18.0,11839,PROBLEM,problem,0.062,0.644,0.415,13673
2427,FUTURE,前途,614.6764102564103,-0.7070291748420915,19.0,6643,FUTURE,future,0.888,0.644,0.786,7293
2429,LOGIC,逻辑,653.9844999999999,-0.5638633889991388,24.0,9456,LOGIC,logic,0.646,0.245,0.819,10393
243,FRESH,新鲜,672.76325,-0.5939418854249496,27.0,9616,FRESH,fresh,0.908,0.292,0.419,7153
2430,OFFICE,办公室,637.9585,-0.7850015845459734,17.0,22178,OFFICE,office,0.427,0.302,0.509,12070
2433,THEORY,理论,722.0087500000002,-0.4192409117393103,17.0,8713,THEORY,theory,0.583,0.314,0.529,17853
2434,TRAGEDY,悲剧,667.5332499999997,-0.5977173523430601,22.0,9089,TRAGEDY,tragedy,0.052,0.843,0.34,18188
2435,UNIVERSITY,大学,626.1385,-0.6640012936226923,11.0,2203,UNIVERSITY,university,0.735,0.574,0.741,18803
2440,PINEAPPLE,菠萝,720.3938461538464,-0.4317907801600049,22.0,9388,PINEAPPLE,pineapple,0.677,0.316,0.245,13059
2445,PAPAYA,木瓜,643.2843589743588,-0.6552545857696646,9.0,2909,PAPAYA,papaya,0.63,0.306,0.3,12524
2452,PURPLE,紫色,652.8230000000001,-0.5886169185035569,18.0,9349,PURPLE,purple,0.7,0.298,0.33,13988
2471,LADY,淑女,670.20225,-0.5334577032647121,14.0,8632,LADY,lady,0.854,0.481,0.602,9938
248,HAPPEN,发生,694.9761538461538,-0.4632432293176246,10.0,3331,HAPPEN,happen,0.677,0.67,0.551,8057
2483,COLD (OF WEATHER),凉快,695.1832500000002,-0.4116420947806326,17.0,7543,COLD (OF WEATHER),cool,0.885,0.54,0.781,3850
2486,HIDE,躲藏,693.7586842105263,-0.5086835963438224,30.0,9797,HIDE,hide,0.438,0.51,0.218,8335
249,FOG,雾,668.0182500000002,-0.6519815573859363,13.0,982,FOG,fog,0.51,0.213,0.26,6925
2498,OPIUM,鸦片,693.3788095238095,-0.3504891240617863,13.0,12050,OPIUM,opium,0.276,0.49,0.333,12161
25,DIRT,泥土,728.5219999999998,-0.3159595858754354,11.0,6227,DIRT,dirt,0.112,0.5,0.236,4964
2500,GINGER,姜,760.1764285714286,-0.3418123629535691,9.0,639,GINGER,ginger,0.406,0.375,0.316,7498
2504,DIFFERENT,差,692.6677500000001,-0.5287587161867073,9.0,341,DIFFERENT,different,0.612,0.394,0.473,4889
2505,BEDROOM,寝室,723.3128205128205,-0.4235759866117548,22.0,9525,BEDROOM,bedroom,0.744,0.296,0.491,1549
2506,LOOSE,松,758.4329268292682,-0.2439872074772179,8.0,194,LOOSE,loose,0.573,0.312,0.365,10424
2517,CROWDED,拥挤,678.5685,-0.601163204061033,17.0,6063,CROWDED,crowded,0.694,0.286,0.585,4166
2526,POWER,势力,686.3897435897435,-0.4310439762223564,10.0,5628,POWER,power,0.719,0.67,0.953,13428
2527,ABILITY,能力,597.9285714285712,-0.7469845067208006,12.0,8126,ABILITY,ability,0.875,0.51,0.816,30
2531,BROAD,宽敞,788.0954999999999,-0.1905134468205518,22.0,10751,BROAD,broad,0.762,0.365,0.637,2177
2539,PIT (POTHOLE),坑,756.9531707317071,-0.2158940991269402,7.0,95,PIT (POTHOLE),pit,0.408,0.396,0.278,13097
2540,LIME (MATERIAL),石灰,800.115,-0.1164163407691775,11.0,3883,LIME (MATERIAL),lime,0.594,0.24,0.415,10256
2541,MIRACLE,奇迹,609.805,-0.7454196270946997,17.0,5771,MIRACLE,miracle,0.917,0.607,0.806,11135
2544,SHEPHERD,牧童,714.6535897435899,-0.4280413284531221,20.0,6260,SHEPHERD,shepherd,0.656,0.304,0.61,15842
2547,CITY,城市,676.8327499999999,-0.6034811237844273,14.0,6700,CITY,city,0.847,0.531,0.508,3052
2549,VEHICLE,车辆,671.148205128205,-0.5860467123789544,15.0,3081,VEHICLE,vehicle,0.641,0.565,0.5,19136
255,SERVANT,仆人,662.1778947368423,-0.5836578450493016,6.0,2452,SERVANT,servant,0.34,0.408,0.331,15727
2554,PRINCE (RULER),王子,674.2537499999997,-0.598366711826496,7.0,3046,PRINCE (RULER),prince,0.888,0.464,0.87,13633
256,FOOD,食物,772.8669999999998,-0.2656851395088688,17.0,7441,FOOD,food,0.888,0.324,0.527,6947
2569,BUTCHER,屠夫,720.097948717949,-0.4187740657749713,15.0,8432,BUTCHER,butcher,0.5,0.575,0.608,2355
2570,BEEF,牛肉,638.1738095238095,-0.7312805524526583,10.0,3039,BEEF,beef,0.582,0.312,0.492,1554
2573,FEELING (EMOTION),情感,692.7875000000001,-0.4911311069163128,24.0,8491,FEELING (EMOTION),emotion,0.693,0.873,0.696,5811
2578,PENCIL,铅笔,622.0229268292684,-0.6669120768439011,20.0,11778,PENCIL,pencil,0.552,0.2,0.263,12777
2579,TOOTHBRUSH,牙刷,670.1739473684211,-0.5321363632637339,12.0,3032,TOOTHBRUSH,toothbrush,0.517,0.33,0.321,18094
258,CALM,冷静,599.779756097561,-0.8050239616490741,21.0,4931,CALM,calm,0.875,0.1,0.282,2442
2580,HELICOPTER,直升机,750.3057499999999,-0.3145911934813171,18.0,22606,HELICOPTER,helicopter,0.714,0.806,0.617,8253
2588,GLOBE,地球,605.4648717948718,-0.7527281059621274,17.0,4339,GLOBE,globe,0.76,0.315,0.364,7554
2618,CAMERA,相机,668.4618421052631,-0.5570528115333439,15.0,7144,CAMERA,camera,0.64,0.288,0.379,2454
2620,CARRIAGE,马车,743.3112820512819,-0.3657331644059512,7.0,2337,CARRIAGE,carriage,0.65,0.538,0.491,2593
2621,CURTAIN,门帘,820.5007692307693,-0.0760008307930548,11.0,2314,CURTAIN,curtain,0.698,0.278,0.304,4271
2624,FRAME,陷害,731.7186842105264,-0.4504821347256436,20.0,8961,FRAME,frame,0.469,0.333,0.42,7104
2625,MAP,地图,689.567,-0.4824576942770335,14.0,4343,MAP,map,0.561,0.229,0.463,10715
2626,NERVE,神经,704.3653658536587,-0.5286509018499388,17.0,8043,NERVE,nerve,0.129,0.698,0.307,11687
2627,ORANGE (FRUIT),橘子,755.5405128205127,-0.329513354582422,19.0,10341,ORANGE (FRUIT),orange,0.646,0.132,0.296,12196
2630,WHIP,鞭打,710.0774358974359,-0.4174097471538801,23.0,10484,WHIP,whip,0.208,0.899,0.509,19609
2643,INK,墨水,680.7662499999999,-0.4792959315960217,19.0,10146,INK,ink,0.471,0.408,0.235,9237
2651,BE IGNORANT,无知,783.939268292683,-0.2851515515692601,12.0,2871,BE IGNORANT,ignorant,0.102,0.461,0.223,8754
2656,MIDNIGHT,半夜,675.1202564102563,-0.5168859548189106,13.0,3307,MIDNIGHT,midnight,0.562,0.47,0.545,11050
2658,COAL,煤,709.951081081081,-0.3629557533835006,13.0,596,COAL,coal,0.36,0.241,0.34,3205
266,SCALE,鳞,835.9171052631579,-0.0491098272605212,20.0,1013,SCALE,scales,0.439,0.33,0.491,15385
2668,SKELETON,骷髅,708.17975,-0.4225894034746128,32.0,10301,SKELETON,skeleton,0.183,0.464,0.343,16105
27,AIR,气,692.8499999999999,-0.4431344848093912,4.0,23,AIR,air,0.708,0.163,0.427,430
2704,FADE (LOOSE COLOR),褪色,732.6679999999999,-0.3829801527572328,20.0,10378,FADE (LOOSE COLOR),fade,0.354,0.333,0.245,6420
2715,DESPISE,蔑视,710.1042105263159,-0.4579191638635742,22.0,10258,DESPISE,despise,0.167,0.745,0.296,4752
2717,STEEP,陡峭,872.923,0.0423754710063516,19.0,8266,STEEP,steep,0.312,0.612,0.321,16875
2755,BUSY,忙,582.6164285714285,-0.826258297293852,6.0,62,BUSY,busy,0.402,0.5,0.474,2352
2758,CAREFUL,小心,626.2856410256412,-0.7133974700837863,7.0,2237,CAREFUL,careful,0.625,0.538,0.53,2565
2765,CHERRY,樱桃,705.9789743589745,-0.3859812265956762,25.0,10914,CHERRY,cherry,0.688,0.186,0.25,2897
2766,WATERMELON,西瓜,619.820731707317,-0.7423855366993549,11.0,4788,WATERMELON,watermelon,0.714,0.23,0.239,19486
2769,PORK,猪肉,708.5156097560974,-0.5006687918089958,17.0,9267,PORK,pork,0.37,0.45,0.333,13337
2772,KITCHEN KNIFE,菜刀,666.6243902439024,-0.5556331007349125,13.0,9383,KITCHEN KNIFE,chopper,0.594,0.56,0.509,2964
2797,SESAME,芝麻,645.2595121951219,-0.6494902480299205,17.0,6378,SESAME,sesame,0.673,0.25,0.382,15734
2815,DIALECT,方言,747.4672499999999,-0.245235679992147,11.0,2850,DIALECT,dialect,0.635,0.422,0.526,4849
2816,ECHO,回声,734.7882051282052,-0.3795830461344176,13.0,4297,ECHO,echo,0.573,0.373,0.345,5621
2819,GRASSLAND,草地,689.1362500000001,-0.4538058084128712,15.0,8155,GRASSLAND,meadow,0.622,0.13,0.382,10848
2837,SWAN,天鹅,746.8297368421054,-0.3166057712792687,16.0,2684,SWAN,swan,0.781,0.225,0.357,17416
284,HOE,锄头,717.548205128205,-0.4184815048675615,17.0,11793,HOE,hoe,0.302,0.48,0.418,8409
2862,CONNECT,连接,696.6769230769231,-0.496286022955739,18.0,11729,CONNECT,connect,0.724,0.299,0.536,3647
2864,DECREASE,减少,698.4465789473685,-0.5024118051323271,15.0,8349,DECREASE,decrease,0.125,0.36,0.267,4493
2867,CALCULATE,算计,744.8239473684213,-0.3172416968463032,18.0,10024,CALCULATE,calculate,0.49,0.452,0.44,2421
2869,BOTHER (HARASS),打扰,681.7436842105266,-0.563394032357658,12.0,3644,BOTHER (HARASS),bother,0.208,0.78,0.37,2027
2879,SOUND (OF INSTRUMENT OR VOICE),音响,676.9276923076923,-0.5336655080099386,18.0,7436,SOUND (OF INSTRUMENT OR VOICE),sound,0.765,0.623,0.398,16491
2880,HALT (STOP),停止,646.5105000000001,-0.6000320331189513,15.0,8329,HALT (STOP),stop,0.28,0.51,0.49,16975
2883,DISTURB,扰乱,695.42725,-0.4322116415167389,14.0,5173,DISTURB,disturb,0.175,0.76,0.481,5223
2886,PRODUCE,产,693.1615384615385,-0.5045358703362788,6.0,825,PRODUCE,produce,0.908,0.737,0.836,13698
2893,NOTICE (SOMETHING),通知,672.7342499999999,-0.5793642427554639,18.0,8903,NOTICE (SOMETHING),notice,0.646,0.408,0.491,11879
2894,TUMBLE (FALL DOWN),跌倒,691.37625,-0.4906758450470146,22.0,9448,TUMBLE (FALL DOWN),tumble,0.276,0.556,0.272,18430
2900,PROTECT,保护,600.5323076923075,-0.7673639870422138,16.0,6592,PROTECT,protect,0.823,0.714,0.791,13829
2903,CHAT (WITH SOMEBODY),聊天,617.8235,-0.7136709406746242,15.0,8821,CHAT (WITH SOMEBODY),chat,0.729,0.4,0.346,2845
2909,PREPARE,准备,615.3102564102563,-0.8195364847621024,18.0,7539,PREPARE,prepare,0.656,0.542,0.603,13542
2911,BACKWARD,落后,699.0525,-0.4221322483826456,18.0,9743,BACKWARD,backward,0.309,0.367,0.25,1297
2924,A LITTLE,稍微,698.6471794871796,-0.4063342772489924,25.0,9320,A LITTLE,bit,0.427,0.31,0.225,1757
2929,BENEFIT,好处,648.7117073170731,-0.6889046172239982,11.0,4371,BENEFIT,benefit,0.906,0.422,0.806,1622
2931,BUSINESS,买卖,641.2439999999999,-0.6178109266801416,14.0,10596,BUSINESS,business,0.688,0.569,0.755,2341
2933,CONVERSATION,交谈,729.5490000000001,-0.4155454073894633,16.0,3958,CONVERSATION,conversation,0.75,0.51,0.609,3818
2938,FLAVOR,口味,668.67175,-0.5860898447479669,11.0,2171,FLAVOR,flavor,0.885,0.479,0.392,6826
2941,HAPPINESS,幸福,645.2285365853659,-0.6685348795692212,21.0,5880,HAPPINESS,happiness,0.96,0.732,0.85,8062
2948,GAP (DISTANCE),空隙,684.8739024390242,-0.4476109241652501,20.0,6335,GAP (DISTANCE),gap,0.396,0.451,0.357,7346
2949,LAIR,骗子,594.8716666666668,-0.7940600740733924,15.0,12026,LAIR,lair,0.469,0.438,0.392,9947
2950,MEANING,意思,638.58275,-0.7035299486273079,22.0,9544,MEANING,meaning,0.663,0.395,0.625,10855
2953,SLEEVE,衣袖,772.6079487179486,-0.2100674554434387,16.0,4784,SLEEVE,sleeve,0.531,0.27,0.273,16179
2958,LAUGHTER,笑声,611.5762500000002,-0.7614987102249218,17.0,8073,LAUGHTER,laughter,0.959,0.654,0.588,10028
296,CROUCH,蹲,769.2333333333335,-0.2654555734948366,19.0,789,CROUCH,crouch,0.281,0.606,0.312,4159
2961,MESSAGE,信息,660.1999999999999,-0.6718459017754436,19.0,6615,MESSAGE,message,0.65,0.391,0.415,10984
2964,NEWS,消息,655.262,-0.6749385999366242,20.0,7923,NEWS,news,0.633,0.58,0.61,11730
2968,REASON,原因,662.8394999999999,-0.5733345812664579,16.0,7571,REASON,reason,0.781,0.455,0.712,14299
297,CROOKED,扭曲,738.01225,-0.3816803442737816,13.0,5169,CROOKED,crooked,0.146,0.594,0.305,4146
2970,RIDDLE,谜语,711.5138461538464,-0.4335979891379935,20.0,11524,RIDDLE,riddle,0.521,0.583,0.543,14981
2975,THOUGHT,心思,642.8586842105263,-0.6898084204253188,13.0,2770,THOUGHT,thought,0.78,0.315,0.571,17899
2976,VIOLENCE,暴力,650.2672500000001,-0.6536178101763045,17.0,10193,VIOLENCE,violence,0.061,0.933,0.719,19278
2977,WORKER,工人,592.0464102564101,-0.759744561244869,5.0,2263,WORKER,worker,0.719,0.598,0.684,19793
2978,DISTANCE,距离,638.4978947368421,-0.616330458136587,21.0,9452,DISTANCE,distance,0.233,0.317,0.418,5193
2982,GIFT,礼物,699.1325641025641,-0.4694336515207756,13.0,4657,GIFT,gift,0.88,0.539,0.483,7482
2988,PATTERN,格局,687.3207317073171,-0.4669177200477531,17.0,7826,PATTERN,pattern,0.479,0.422,0.664,12686
299,SCOLD,骂,673.1860975609757,-0.5465324490838444,9.0,1002,SCOLD,scold,0.194,0.755,0.626,15466
2996,WEALTH,财富,673.5097435897436,-0.5899744507220251,19.0,11555,WEALTH,wealth,0.857,0.637,0.858,19508
2997,COLORFUL,丰富,621.0657894736842,-0.7480898898404548,16.0,2416,COLORFUL,colorful,0.85,0.52,0.519,3320
3001,POWERFUL,强大,635.4509523809523,-0.6713522963739005,15.0,9074,POWERFUL,powerful,0.865,0.83,0.991,13429
3002,PRECIOUS,珍贵,679.5882499999999,-0.5980523202275644,18.0,7114,PRECIOUS,precious,0.917,0.5,0.726,13476
3005,FAMILIAR,熟悉,581.716,-0.8414281355372116,26.0,10221,FAMILIAR,familiar,0.906,0.33,0.615,6463
301,CHIEFTAIN,首领,681.4649999999999,-0.5399272527568854,20.0,7456,CHIEFTAIN,chief,0.52,0.544,0.869,2911
3049,COURAGE,胆识,765.9921428571425,-0.3111611731730396,16.0,7239,COURAGE,courage,0.83,0.728,0.849,3988
3050,SEEDLING,幼苗,790.99225,-0.2008092944668328,13.0,3603,SEEDLING,seedling,0.406,0.343,0.423,15617
3055,SWINDLE,作弊,696.1586842105263,-0.4612532804169699,21.0,4904,SWINDLE,cheat,0.125,0.776,0.4,2856
3059,MALARIA,疟疾,807.5515789473683,-0.0928322882650526,18.0,11018,MALARIA,malaria,0.125,0.653,0.304,10629
3069,FALSE,骗局,823.490476190476,-0.151681841932381,19.0,12027,FALSE,false,0.12,0.404,0.24,6453
3072,MISPLACE,遗失,670.2580487804877,-0.5261091314805396,17.0,11735,MISPLACE,lose,0.115,0.538,0.176,10435
3073,MANAGE,理,669.7452631578947,-0.5768002704177002,11.0,455,MANAGE,manage,0.56,0.53,0.719,10653
3076,SLOPE,坡,797.0383783783782,-0.0452948816740403,8.0,163,SLOPE,slope,0.347,0.438,0.279,16217
3080,SPLIT OPEN,裂开,683.5839473684211,-0.4929577578909636,16.0,9409,SPLIT OPEN,crack,0.302,0.625,0.4,4029
3086,COMPUTER,电脑,636.4572499999999,-0.6668699312105484,15.0,3841,COMPUTER,computer,0.802,0.356,0.639,3500
3088,ENVELOPE,信封,724.7156410256408,-0.3650588594078953,18.0,6613,ENVELOPE,envelope,0.604,0.275,0.377,5983
3089,GIRAFFE,长颈鹿,672.2315384615385,-0.5912447201674264,26.0,22388,GIRAFFE,giraffe,0.561,0.347,0.436,7502
3091,LEMON,柠檬,720.7055263157894,-0.3604511283651518,26.0,6973,LEMON,lemon,0.596,0.317,0.316,10137
3093,LIPSTICK,口红,673.3407894736841,-0.5255872261202723,9.0,2180,LIPSTICK,lipstick,0.653,0.429,0.306,10294
3098,SNOWMAN,雪人,690.4797368421054,-0.4174545987661427,13.0,8965,SNOWMAN,snowman,0.776,0.291,0.323,16344
3099,SOFA,沙发,611.4269999999999,-0.742748950600782,12.0,5310,SOFA,sofa,0.583,0.106,0.263,16389
3102,TANK,坦克,678.0184615384615,-0.5009749196215869,15.0,5749,TANK,tank,0.431,0.454,0.634,17600
3119,MASSAGE (SOMEBODY),按摩,752.1641025641023,-0.3341814105990746,24.0,6897,MASSAGE (SOMEBODY),massage,0.708,0.356,0.413,10785
3138,STRAWBERRY,草莓,727.8245000000001,-0.4114002718063657,19.0,8158,STRAWBERRY,strawberry,0.833,0.27,0.336,17026
3168,DOWRY,聘礼,744.4915384615384,-0.3707310579982792,18.0,9729,DOWRY,dowry,0.604,0.453,0.544,5394
3174,WAKE UP (SOMEONE),唤醒,708.7785365853658,-0.5061879233038956,26.0,10695,WAKE UP (SOMEONE),wake,0.7,0.47,0.512,19397
3179,CORAL ROCK,珊瑚,915.42375,0.1060235811790655,22.0,7107,CORAL ROCK,coral,0.802,0.231,0.425,3877
318,FOOTPRINT,足迹,622.8333333333334,-0.6749253138355896,16.0,5418,FOOTPRINT,footprint,0.592,0.292,0.336,6966
3181,MUSTARD,芥末,738.2810256410257,-0.2806613641030049,12.0,6379,MUSTARD,mustard,0.5,0.346,0.275,11523
319,LICK,舔,718.0179487179487,-0.3631691877943858,14.0,660,LICK,lick,0.47,0.482,0.33,10205
3204,INSULT,侮辱,670.6217948717949,-0.46529897216812,19.0,6564,INSULT,insult,0.085,0.831,0.389,9353
323,FAT (ORGANIC SUBSTANCE),脂肪,679.6412195121951,-0.5002511748583786,18.0,8130,FAT (ORGANIC SUBSTANCE),fat,0.198,0.353,0.237,6514
3230,DECEIVE,欺骗,702.9958974358973,-0.4378343331681197,24.0,9217,DECEIVE,deceive,0.094,0.775,0.414,4453
3267,PULSE,脉搏,723.1472499999999,-0.3810434360380584,22.0,7272,PULSE,pulse,0.507,0.412,0.492,13944
3276,SUNSHINE,阳光,591.6065853658534,-0.7951779339179533,12.0,5486,SUNSHINE,sunshine,0.885,0.297,0.769,17295
3279,MANTIS,螳螂,705.6653846153848,-0.3907416473733408,31.0,10447,MANTIS,mantis,0.48,0.355,0.421,10706
3283,CAGE,笼子,724.662,-0.2483314301486761,14.0,11070,CAGE,cage,0.316,0.333,0.352,2410
3284,GRAVEYARD,墓地,693.2538095238095,-0.4430480865076529,19.0,9890,GRAVEYARD,cemetery,0.051,0.63,0.417,2726
3287,BLOOM,开花,677.8137499999998,-0.4991980859218755,11.0,2736,BLOOM,bloom,0.816,0.453,0.587,1860
3288,WEED,除草,793.9913888888887,-0.1241184293684465,18.0,8273,WEED,weed,0.459,0.294,0.364,19532
3299,KIND,善良,680.6399999999998,-0.5482466356477131,19.0,9012,KIND,kind,0.918,0.24,0.618,9846
3302,QUARREL (VERB),争论,665.5851282051281,-0.5754179245501866,12.0,3941,QUARREL (VERB),argue,0.093,0.798,0.525,927
3303,PICTURE (PAINTING),图画,743.0435897435897,-0.2878832136523387,16.0,10705,PICTURE (PAINTING),painting,0.792,0.324,0.333,12464
3304,PICTURE (PHOTOGRAPH),相片,654.7260975609756,-0.5805010458402176,13.0,7139,PICTURE (PHOTOGRAPH),photo,0.729,0.327,0.431,12983
3320,SNARE (TRAP),圈套,770.7223076923076,-0.2849932492664556,21.0,8384,SNARE (TRAP),snare,0.229,0.85,0.466,16301
3325,PEARL,珍珠,644.9865000000001,-0.6413147296084593,19.0,7111,PEARL,pearl,0.905,0.425,0.642,12726
3333,BELIEF (RELIGIOUS),信念,649.3915789473683,-0.6252876022817739,17.0,6612,BELIEF (RELIGIOUS),belief,0.896,0.375,0.656,1589
3334,RITE,礼仪,643.7225641025641,-0.6908467405909745,10.0,4654,RITE,rite,0.378,0.57,0.606,15037
3349,WRISTWATCH,手表,697.8617499999998,-0.4886597191407731,12.0,2801,WRISTWATCH,wristwatch,0.771,0.338,0.308,19860
3361,OFFICIAL,官,718.3842499999998,-0.3165084301986703,8.0,169,OFFICIAL,official,0.646,0.565,0.833,12073
3375,PATIENT (SICK PERSON),病人,689.9387499999999,-0.452950787129126,12.0,7993,PATIENT (SICK PERSON),patient,0.583,0.193,0.34,12670
3376,ROBBER,强盗,665.0735,-0.5929887405458751,23.0,9081,ROBBER,robber,0.135,0.772,0.481,15068
3382,PEACOCK,孔雀,641.6235714285714,-0.6902307204180401,15.0,2703,PEACOCK,peacock,0.786,0.449,0.458,12720
3386,SULPHUR,硫磺,839.9383783783786,-0.1198320639945419,28.0,8770,SULPHUR,sulphur,0.26,0.45,0.233,17258
3396,BUILDING,楼房,687.0331707317073,-0.428711688484599,21.0,9630,BUILDING,building,0.705,0.288,0.673,2256
3399,WAREHOUSE,仓库,630.0123684210524,-0.6568002809390321,11.0,10604,WAREHOUSE,warehouse,0.721,0.365,0.446,19432
34,STAIRS,楼梯,712.3487179487179,-0.3799844745641802,24.0,9631,STAIRS,stairs,0.51,0.439,0.342,16769
3405,RULER,统治者,677.09,-0.5314434609723852,25.0,22680,RULER,ruler,0.44,0.4,0.631,15185
3407,FILE (TOOL),文件,617.8439999999998,-0.7512064604396127,10.0,2825,FILE (TOOL),file,0.48,0.316,0.463,6674
341,SICKLE,镰刀,720.7034146341463,-0.2777382428847006,20.0,11826,SICKLE,sickle,0.427,0.585,0.37,15979
3425,JOKE,笑话,607.1865853658537,-0.784361669587757,18.0,8075,JOKE,joke,0.704,0.61,0.316,9700
3426,SURNAME,姓,666.6929268292683,-0.5568056983045003,8.0,168,SURNAME,surname,0.67,0.25,0.493,17366
3427,DIRECTION,方向,655.3092105263158,-0.6495194689241505,10.0,2845,DIRECTION,direction,0.719,0.33,0.684,4959
3429,COMPARE,比,699.8960526315791,-0.4620935270369927,4.0,20,COMPARE,compare,0.552,0.408,0.524,3423
344,TREE TRUNK,树干,761.0017500000001,-0.2631701075090708,12.0,6983,TREE TRUNK,trunk,0.271,0.167,0.404,18400
3455,COMMEND,称赞,715.3239024390244,-0.3704562691129227,26.0,8066,COMMEND,praise,0.776,0.387,0.658,13444
3471,OBLIGATION (DUTY),义务,609.9186842105265,-0.7047399782628208,8.0,2144,OBLIGATION (DUTY),duty,0.583,0.579,0.651,5555
3534,BEG,乞求,787.4182051282053,-0.1124975308106102,10.0,2148,BEG,beg,0.292,0.608,0.328,1567
3554,GOODBYE,欢送,718.7276923076922,-0.3713628239659473,15.0,4617,GOODBYE,farewell,0.13,0.5,0.591,6491
356,SHEARS,剪刀,696.8419047619047,-0.5379585333012934,13.0,8355,SHEARS,scissors,0.458,0.462,0.302,15464
3608,WARRIOR,武士,700.0864999999998,-0.4858957815837653,11.0,6160,WARRIOR,warrior,0.458,0.863,0.915,19453
3617,STUMBLE,绊倒,796.1630000000002,-0.0483695869728015,18.0,11162,STUMBLE,stumble,0.153,0.716,0.259,17103
3628,HONOR (SOMEBODY),荣幸,656.7938095238097,-0.5978814870547551,17.0,7322,HONOR (SOMEBODY),honor,0.896,0.587,0.857,8477
3629,HESITATE,犹豫,650.3848717948717,-0.6474487085160573,22.0,5344,HESITATE,hesitate,0.459,0.548,0.232,8318
363,"DWELL (LIVE, RESIDE)",住,639.4441025641024,-0.7157872046401795,7.0,82,"DWELL (LIVE, RESIDE)",dwell,0.698,0.245,0.611,5559
3634,STUBBORN,顽固,718.3466666666667,-0.445738603052171,18.0,11914,STUBBORN,stubborn,0.157,0.702,0.575,17087
3635,ADULT,大人,638.0861538461538,-0.7449511340122621,5.0,2194,ADULT,adult,0.815,0.491,0.787,282
3639,AVOID,避免,673.5799999999999,-0.5160098004619499,23.0,10458,AVOID,avoid,0.427,0.442,0.415,1236
3640,GOSSIP,闲话,716.8199999999999,-0.3880914726178064,15.0,11845,GOSSIP,gossip,0.173,0.765,0.245,7655
3642,COMPLAIN,抱怨,627.177,-0.7036032514038263,17.0,5982,COMPLAIN,complain,0.143,0.682,0.36,3449
3643,AGREE,同意,600.9382499999999,-0.8236972879333747,19.0,4240,AGREE,agree,0.906,0.26,0.545,407
3644,AGREEMENT,协议,729.70675,-0.4169999689267901,11.0,4174,AGREEMENT,agreement,0.76,0.44,0.736,411
3645,PERSUADE,说服,703.3810000000001,-0.4074793103402477,17.0,11473,PERSUADE,persuade,0.62,0.618,0.709,12904
3646,PROVERB,谚语,685.7753846153846,-0.5412482148820437,20.0,11523,PROVERB,proverb,0.714,0.26,0.518,13847
3657,GRANARY,谷仓,1038.24,0.6675878311709923,11.0,5396,GRANARY,barn,0.51,0.452,0.425,1419
3664,INHERIT,承,738.1502499999999,-0.4050455796093464,8.0,178,INHERIT,inherit,0.745,0.546,0.694,9210
3665,TRAVEL,旅行,679.4078571428571,-0.5417072429139532,16.0,7779,TRAVEL,travel,0.931,0.689,0.535,18275
3666,WANDER,徘徊,726.8997560975612,-0.3316124697534056,20.0,8474,WANDER,wander,0.427,0.417,0.33,19414
3674,ANTELOPE,羚羊,740.6476923076922,-0.2731204666028666,17.0,8815,ANTELOPE,antelope,0.542,0.51,0.5,739
3695,MOVEMENT,动静,670.1537500000002,-0.5964675214502447,20.0,4161,MOVEMENT,movement,0.656,0.654,0.658,11440
3703,STICKY,黏,809.82675,-0.1852399812147107,17.0,771,STICKY,sticky,0.385,0.569,0.292,16913
3704,ODOR (SMELL),气味,688.5251219512197,-0.4834923082262406,12.0,2951,ODOR (SMELL),odor,0.337,0.363,0.404,12054
3746,VASE,花瓶,683.2326315789476,-0.5850778921799202,17.0,6394,VASE,vase,0.638,0.225,0.215,19115
3747,SHAPE,形状,612.5134210526315,-0.7327006385516401,14.0,5129,SHAPE,shape,0.592,0.24,0.422,15801
3762,SAFE,安全,602.7766666666666,-0.7529465177735589,12.0,4421,SAFE,safe,0.898,0.306,0.759,15245
377,LOUD,吵,669.8748717948718,-0.5503699405380394,7.0,91,LOUD,loud,0.573,0.65,0.87,10446
3780,PET,宠物,636.2939024390245,-0.7309426541533693,16.0,10743,PET,pet,0.875,0.327,0.305,12927
3807,EYEBALL,眼球,735.0629999999999,-0.3768931541157478,22.0,8755,EYEBALL,eyeball,0.526,0.422,0.42,6381
3837,ASTRINGENT,涩,848.9782051282053,0.0006443494231586,10.0,863,ASTRINGENT,astringent,0.316,0.5,0.474,1090
3841,WINDMILL,风车,656.6390243902439,-0.6485340720360776,8.0,3087,WINDMILL,windmill,0.773,0.412,0.412,19687
3881,PISTOL,手枪,644.7875000000001,-0.6060150245489275,12.0,2808,PISTOL,pistol,0.17,0.9,0.677,13095
3896,ROAR,咆哮,664.4789743589744,-0.5561168496828673,18.0,5716,ROAR,roar,0.427,0.816,0.675,15063
3897,NATURE,本质,632.6222499999999,-0.7082059096244671,13.0,3696,NATURE,nature,0.857,0.184,0.643,11609
390,PUNISHMENT,惩罚,654.265,-0.6281014188605969,21.0,9095,PUNISHMENT,punishment,0.083,0.825,0.536,13965
3902,TRUST (SOMEBODY),信任,686.7184615384615,-0.5058675879426178,15.0,6608,TRUST (SOMEBODY),trust,0.888,0.547,0.741,18402
3903,SYMPATHIZE,同情,659.1777499999998,-0.5868558366931311,17.0,4237,SYMPATHIZE,sympathize,0.77,0.627,0.644,17489
3951,PANDA,熊猫,643.1904878048782,-0.5789944719084199,25.0,9978,PANDA,panda,0.646,0.194,0.406,12495
3952,REFRIGERATOR,冰箱,679.3817073170732,-0.5020564907024985,21.0,4110,REFRIGERATOR,refrigerator,0.677,0.26,0.391,14495
3953,CHARITY,慈善,718.0319999999998,-0.456832826773789,25.0,9562,CHARITY,charity,0.92,0.284,0.551,2826
3954,FRIENDSHIP,友情,655.1074358974357,-0.6506289313607906,15.0,2632,FRIENDSHIP,friendship,0.958,0.343,0.694,7174
3955,HOSTILITY,敌意,669.4257894736843,-0.5298460820424957,23.0,7771,HOSTILITY,hostility,0.122,0.775,0.465,8549
3956,DISPUTE,纠纷,724.1281578947368,-0.4291472010759447,12.0,11092,DISPUTE,dispute,0.219,0.75,0.585,5155
3957,SYSTEM,系统,619.3587179487183,-0.709634644796858,16.0,5365,SYSTEM,system,0.615,0.346,0.764,17519
3958,SOCIETY,社会,629.6737500000002,-0.7451340426140418,13.0,6316,SOCIETY,society,0.674,0.464,0.782,16379
3959,RELATIONSHIP,关系,652.4910000000001,-0.6596474452805906,13.0,4084,RELATIONSHIP,relationship,0.867,0.566,0.589,14583
3960,IDENTITY,身份,574.6474999999998,-0.865064082740392,13.0,5424,IDENTITY,identity,0.663,0.36,0.78,8732
3961,TEAM,团队,617.5743902439024,-0.7107070929500001,10.0,4319,TEAM,team,0.708,0.461,0.688,17664
3962,DISCIPLINE,纪律,677.0197435897436,-0.5965741646346048,15.0,11108,DISCIPLINE,discipline,0.615,0.471,0.806,5009
3963,SCENERY,风景,652.1517499999999,-0.6390082766268026,16.0,3101,SCENERY,scenery,0.745,0.253,0.592,15421
3964,SPLENDOR,光彩,654.5709756097559,-0.6712297177212905,17.0,4047,SPLENDOR,splendor,0.927,0.612,0.85,16647
3966,CONCEPT,概念,701.3089743589743,-0.4924339272998465,21.0,9633,CONCEPT,concept,0.573,0.265,0.632,3518
3967,CONTENT,内容,641.0267499999999,-0.6332187433397809,14.0,2527,CONTENT,content,0.764,0.296,0.559,3748
3968,EFFECT,作用,772.6412499999997,-0.3066932456368584,12.0,4896,EFFECT,effect,0.57,0.518,0.608,5658
3970,PROCESS,过程,724.7234146341464,-0.333471659906458,18.0,5454,PROCESS,process,0.51,0.471,0.615,13680
3971,METHOD,办法,624.1025641025642,-0.6995736655699105,12.0,2589,METHOD,method,0.64,0.275,0.698,11010
3972,EXCITED,兴奋,659.2404878048782,-0.5998155572453484,14.0,4091,EXCITED,excited,0.908,0.931,0.709,6200
3973,DEPRESSED,沮丧,750.2310256410256,-0.3408466683373515,16.0,6172,DEPRESSED,depressed,0.024,0.445,0.136,4690
3975,NERVOUS,紧张,655.0755,-0.5979513708550351,17.0,11089,NERVOUS,nervous,0.235,0.82,0.213,11689
41,IGNORE,忽略,636.0532500000002,-0.6135833731105179,19.0,5929,IGNORE,ignore,0.146,0.23,0.295,8755
411,GOURD,葫芦,650.5052499999999,-0.6086164682883293,19.0,9749,GOURD,gourd,0.427,0.271,0.289,7659
419,SEVERE,厉害,583.3787499999999,-0.8467354109066367,15.0,3319,SEVERE,severe,0.164,0.735,0.635,15756
42,STINKING,臭,705.1959999999998,-0.4899631991079142,10.0,394,STINKING,stinky,0.092,0.558,0.176,16940
420,FOREST,森林,670.6448780487802,-0.5301409155879393,20.0,9204,FOREST,forest,0.729,0.27,0.435,7008
421,RETREAT,退,683.5729268292683,-0.5173190402192396,9.0,408,RETREAT,retreat,0.5,0.519,0.312,14894
425,BE LATE,耽误,720.16,-0.4652317576491331,19.0,8115,BE LATE,delayed,0.188,0.49,0.216,4574
471,UPPER LEG (THIGH),大腿,722.2287804878048,-0.3707957261492537,16.0,2214,UPPER LEG (THIGH),thigh,0.469,0.433,0.588,17875
476,CUP,杯子,691.7663157894738,-0.5248245948296772,11.0,6116,CUP,cup,0.615,0.167,0.231,4243
478,LIP,嘴唇,689.1235897435897,-0.5074940250761337,26.0,10136,LIP,lip,0.541,0.348,0.443,10292
479,GROW,成长,595.6973809523812,-0.768219637490083,10.0,4514,GROW,grow,0.914,0.615,0.755,7856
480,PLATE,盘子,842.5411111111111,-0.1200416104887391,14.0,8733,PLATE,plate,0.583,0.245,0.366,13153
484,CONDEMN,谴责,773.4146153846157,-0.1735258557876861,23.0,11538,CONDEMN,condemn,0.102,0.793,0.625,3548
485,DISAPPEAR,消失,665.7402499999998,-0.614747957637033,15.0,7918,DISAPPEAR,disappear,0.143,0.441,0.35,4978
486,MINISTER,臣,709.3752499999998,-0.485407594987642,6.0,70,MINISTER,minister,0.547,0.441,0.892,11119
487,SHY,害羞,679.20425,-0.5070222652985338,20.0,7620,SHY,shy,0.28,0.153,0.132,15969
488,MANNER,方式,594.6245238095237,-0.7777508768484374,10.0,2846,MANNER,manner,0.618,0.25,0.32,10697
489,KIDNEY,肾,742.1375000000002,-0.3283896936375977,8.0,899,KIDNEY,kidney,0.448,0.363,0.38,9833
49,REFUSE,拒绝,597.5472499999998,-0.752560870351614,16.0,6031,REFUSE,refuse,0.18,0.52,0.331,14502
497,SCAR,伤疤,724.0317500000002,-0.3650711890509744,15.0,10619,SCAR,scar,0.146,0.5,0.397,15400
500,CRUEL,残酷,748.9646153846154,-0.330995993067859,23.0,7864,CRUEL,cruel,0.122,0.866,0.391,4177
503,FROG,青蛙,681.2377142857143,-0.5363898445593053,20.0,6536,FROG,frog,0.439,0.311,0.15,7190
506,MAIZE,玉米,643.5077499999999,-0.6426686942248178,11.0,3763,MAIZE,corn,0.594,0.196,0.292,3887
53,SPIRIT,圣灵,960.3426470588236,0.4627250589142188,12.0,3455,SPIRIT,spirit,0.786,0.37,0.621,16632
530,FRECKLE,雀斑,768.7795000000002,-0.1860813762977519,23.0,8964,FRECKLE,freckle,0.542,0.396,0.254,7129
539,NEST,巢,769.3772499999999,-0.1990491973763109,11.0,426,NEST,nest,0.687,0.221,0.333,11694
541,POETRY,诗歌,685.843846153846,-0.525288122896987,22.0,11441,POETRY,poetry,0.697,0.235,0.629,13252
55,WHISPER,呢喃,804.7854285714287,-0.158828348281133,20.0,5693,WHISPER,whisper,0.49,0.225,0.265,19620
56,BAD LUCK,恶运,733.411142857143,-0.1943521023864966,17.0,10806,BAD LUCK,misfortune,0.094,0.78,0.311,11161
573,SWAY,摇晃,795.27425,-0.2786790216243988,23.0,9591,SWAY,sway,0.69,0.596,0.721,17423
575,TREAD,踩,741.6518421052632,-0.3357741619953526,15.0,712,TREAD,tread,0.51,0.52,0.426,18285
577,FOREFINGER,食指,680.7233333333331,-0.4949810183797276,18.0,7442,FOREFINGER,forefinger,0.51,0.254,0.37,6990
578,KISS,接吻,671.2943589743589,-0.5385184759842491,18.0,8545,KISS,kiss,0.967,0.813,0.63,9863
580,FUR,毛,605.3346153846154,-0.7520074941985329,4.0,21,FUR,fur,0.583,0.392,0.315,7270
584,DIFFICULT,困难,646.7671794871793,-0.6123044522740745,17.0,5041,DIFFICULT,difficult,0.235,0.7,0.508,4894
586,GARDEN,菜园,714.5256097560975,-0.4016798760986146,18.0,9384,GARDEN,garden,0.77,0.23,0.456,7353
587,ANT,蚂蚁,589.7719999999999,-0.7863956047106955,18.0,11323,ANT,ant,0.448,0.216,0.216,732
590,NAKED,裸体,760.7161904761905,-0.3360205734769277,20.0,10095,NAKED,naked,0.323,0.885,0.288,11566
594,PIECE,片,742.7197435897434,-0.3681589364263361,4.0,25,PIECE,piece,0.646,0.245,0.367,13023
595,GROUNDNUT (PEANUT),花生,634.255,-0.684601640696753,12.0,6385,GROUNDNUT (PEANUT),peanut,0.646,0.202,0.246,12723
597,PHYSICIAN,医生,575.9900000000001,-0.877467437365011,12.0,4974,PHYSICIAN,doctor,0.7,0.531,0.861,5276
6,EARTHQUAKE,地震,699.4892105263157,-0.6001692007763824,21.0,4342,EARTHQUAKE,earthquake,0.073,0.93,0.812,5596
600,STRANGE,奇怪,626.012105263158,-0.6743614622486813,16.0,5769,STRANGE,strange,0.314,0.663,0.395,17010
602,HIDE (CONCEAL),隐瞒,742.0065789473687,-0.3114524164088779,26.0,11893,HIDE (CONCEAL),conceal,0.312,0.436,0.306,3507
604,GLASS,玻璃,657.8185714285717,-0.5248273519805201,23.0,7106,GLASS,glass,0.49,0.404,0.322,7530
605,GRAIN,粮食,699.6923684210526,-0.4873384654517514,22.0,9716,GRAIN,grain,0.39,0.198,0.302,7690
607,GRASSHOPPER,蚱蜢,827.5318421052631,-0.0422017927244397,25.0,8857,GRASSHOPPER,grasshopper,0.5,0.462,0.287,7732
613,HIGH TIDE,洪水,727.2822500000001,-0.3877208019463307,13.0,7025,HIGH TIDE,flood,0.208,0.778,0.608,6866
619,ANIMAL,动物,600.397,-0.7991284236434966,14.0,4156,ANIMAL,animal,0.521,0.51,0.513,688
620,INSECT,昆虫,676.61075,-0.6185677227489023,14.0,6082,INSECT,insect,0.276,0.633,0.242,9279
624,LAKE,湖,662.0853846153844,-0.5878055568002879,12.0,521,LAKE,lake,0.694,0.196,0.425,9949
628,LEAF,叶子,680.5378048780489,-0.4735508751230904,8.0,3426,LEAF,leaf,0.583,0.156,0.294,10071
630,LIGHT (RADIATION),光线,735.261,-0.3695336778958957,14.0,4053,LIGHT (RADIATION),light,0.771,0.32,0.519,10233
631,LIVESTOCK,牲畜,787.2428947368422,-0.1832669626562309,19.0,7088,LIVESTOCK,livestock,0.729,0.42,0.519,10343
632,LIZARD,蜥蜴,826.50325,0.0012295442558265,28.0,10091,LIZARD,lizard,0.378,0.375,0.324,10346
634,MEAT,肉,767.6979487179489,-0.3164151881492403,6.0,69,MEAT,meat,0.612,0.421,0.413,10869
635,MILK,牛奶,608.1990000000001,-0.7166169335909085,9.0,3037,MILK,milk,0.817,0.27,0.327,11079
636,MILL,磨坊,807.34225,-0.0956369831989612,23.0,10362,MILL,mill,0.531,0.382,0.347,11083
637,MOSS,苔藓,894.0783783783784,0.2633262394650636,25.0,7284,MOSS,moss,0.235,0.27,0.245,11387
639,MOUNTAIN,山,668.0755263157897,-0.5221643369055678,3.0,7,MOUNTAIN,mountain,0.698,0.408,0.649,11421
640,MUD,泥,733.9302564102563,-0.4471233105090706,8.0,202,MUD,mud,0.333,0.26,0.185,11458
641,MUSHROOM,蘑菇,781.9065789473686,-0.2689932235213579,30.0,10504,MUSHROOM,mushroom,0.49,0.274,0.269,11509
642,MUSIC,音乐,660.210243902439,-0.634571341016943,14.0,7439,MUSIC,music,0.833,0.563,0.605,11511
645,OCEAN,海洋,674.95425,-0.5109480195178823,19.0,7897,OCEAN,ocean,0.823,0.308,0.642,12041
646,ASH,灰烬,663.6880487804879,-0.5555582886331143,16.0,4650,ASH,ashes,0.327,0.279,0.142,1012
648,PAPER,纸,581.2402777777777,-0.8356235795838228,7.0,885,PAPER,paper,0.52,0.123,0.293,12525
65,AMBUSH,埋伏,740.6466666666666,-0.3569242481943049,16.0,7600,AMBUSH,ambush,0.281,0.83,0.5,583
652,PLAIN,平原,656.1921052631578,-0.552883885218868,15.0,3595,PLAIN,plain,0.5,0.167,0.311,13127
653,PLANT (VEGETATION),植物,624.3484615384616,-0.7153517928033449,20.0,9212,PLANT (VEGETATION),plant,0.73,0.18,0.371,13143
655,POISON,毒药,655.7036585365853,-0.585467282675129,18.0,6998,POISON,poison,0.083,0.76,0.573,13261
661,RELIGION,宗教,686.3704999999999,-0.4811308109835847,19.0,5821,RELIGION,religion,0.646,0.32,0.755,14609
662,BATTERY,电池,738.5526829268292,-0.2972067815649401,11.0,3827,BATTERY,battery,0.48,0.425,0.442,1486
665,BEE,蜜蜂,719.9546341463416,-0.4069430846975214,27.0,10086,BEE,bee,0.52,0.509,0.309,1553
667,ROAD,街道,657.9490000000001,-0.5825338165869761,24.0,9403,ROAD,road,0.656,0.404,0.404,15050
668,ROCK,岩石,766.7869230769229,-0.2250570066380353,13.0,5869,ROCK,rock,0.623,0.236,0.557,15077
670,ROOT,根,660.1071794871795,-0.5283357724095895,10.0,360,ROOT,root,0.602,0.279,0.508,15109
671,SAND,沙,620.8143589743588,-0.7347616569502913,7.0,117,SAND,sand,0.582,0.279,0.304,15302
673,SCHOOL,学校,612.0515000000001,-0.6611896967841696,18.0,5815,SCHOOL,school,0.765,0.423,0.633,15444
674,MOUTH,嘴巴,655.9457500000001,-0.6321939260273923,20.0,10135,MOUTH,mouth,0.734,0.294,0.336,11434
675,FAECES (EXCREMENT),粪便,713.2539473684211,-0.4364813497613962,21.0,11085,FAECES (EXCREMENT),excrement,0.041,0.558,0.221,6210
677,AXE,斧头,701.6500000000003,-0.4384711289490802,13.0,6076,AXE,axe,0.296,0.69,0.536,1257
679,BRIGHT,亮,672.236842105263,-0.5529139671018752,9.0,229,BRIGHT,bright,0.89,0.527,0.812,2158
681,DESTROY,破坏,609.302564102564,-0.739336094383081,17.0,8021,DESTROY,destroy,0.046,0.935,0.635,4761
682,SIDE,旁边,639.7669230769231,-0.5929341040503159,15.0,7777,SIDE,side,0.439,0.288,0.395,15982
685,DECIDE,决定,632.603947368421,-0.6708142480936933,14.0,4124,DECIDE,decide,0.656,0.54,0.855,4461
686,EASY,容易,602.838,-0.807553174956926,18.0,7637,EASY,easy,0.865,0.194,0.373,5605
69,SOBER,清醒,704.3902564102565,-0.4402116424527271,27.0,8674,SOBER,sober,0.729,0.216,0.568,16367
691,SEASON,季节,673.0226315789475,-0.5265532837485764,13.0,5804,SEASON,season,0.792,0.41,0.519,15566
694,GET,得到,741.8812499999999,-0.384206663727208,19.0,8469,GET,get,0.74,0.594,0.667,7468
695,GO,出去,745.7424390243903,-0.3268186882787328,10.0,3228,GO,go,0.51,0.441,0.444,7580
698,WISE,睿智,715.7797499999999,-0.3940364175686018,26.0,9997,WISE,wise,0.878,0.25,0.861,19718
699,SAD,忧愁,733.7817073170734,-0.3615498521275489,20.0,5147,SAD,sad,0.225,0.333,0.149,15236
7,GATHER,收拾,596.3894871794871,-0.6891328899655835,15.0,4543,GATHER,gather,0.648,0.51,0.546,7381
700,CARRY,携带,664.8275,-0.6516769084867039,22.0,9586,CARRY,carry,0.635,0.38,0.5,2597
702,CATCH,捉,681.2946341463414,-0.4973897685321073,10.0,792,CATCH,catch,0.531,0.437,0.552,2650
704,CLEAN,干净,705.3287499999999,-0.4487235154481866,11.0,2284,CLEAN,clean,0.827,0.17,0.5,3105
708,SHINE,照耀,821.3607142857143,-0.1195009148079302,33.0,9675,SHINE,shine,0.844,0.539,0.741,15856
712,RICH,富,691.347857142857,-0.5451875472489893,12.0,495,RICH,rich,0.882,0.627,0.905,14972
714,SEED,种子,692.28975,-0.5103499819690022,12.0,7187,SEED,seed,0.656,0.135,0.306,15616
715,SHOUT,叫喊,647.0092499999998,-0.5721127486953342,17.0,3390,SHOUT,shout,0.229,0.925,0.444,15922
717,SWEET,甜,662.6775000000001,-0.5815737682505473,11.0,457,SWEET,sweet,0.668,0.418,0.382,17435
718,PAY,付款,607.6125641025641,-0.7382962519001524,17.0,3161,PAY,pay,0.514,0.588,0.592,12698
719,FIND,找到,668.8460000000002,-0.5745634184406145,15.0,5185,FIND,find,0.774,0.555,0.58,6704
72,CLAW,爪,706.41,-0.4230226879540011,4.0,24,CLAW,claw,0.26,0.6,0.598,3102
720,GOOD LUCK,运气,638.1230769230773,-0.6922733117480941,11.0,6441,GOOD LUCK,luck,0.854,0.49,0.717,10491
722,ATTACK,攻击,673.0563414634146,-0.6589087785411054,12.0,5247,ATTACK,attack,0.286,0.948,0.67,1127
723,PLACE (POSITION),地方,649.1810256410256,-0.6207646384711273,10.0,4328,PLACE (POSITION),place,0.573,0.261,0.398,13118
728,FIRST,第一,630.6197500000001,-0.6917005337200639,12.0,8800,FIRST,first,0.625,0.5,0.788,6744
729,DAWN,黎明,683.08425,-0.5618201623797463,23.0,10306,DAWN,dawn,0.827,0.235,0.519,4388
730,SNAKE,蛇,633.1782926829269,-0.6393411548243326,11.0,470,SNAKE,snake,0.276,0.75,0.549,16294
734,MAKE,使,668.8175,-0.5685774001740092,8.0,150,MAKE,make,0.684,0.42,0.48,10619
741,DRIVE,驱动,699.0602439024392,-0.4158106943528827,13.0,11999,DRIVE,drive,0.625,0.689,0.713,5457
744,EGG,鸡蛋,614.7734999999999,-0.7859214397814468,18.0,12046,EGG,egg,0.684,0.241,0.293,5675
745,SHELF,架子,759.3143589743593,-0.2598787233458667,12.0,6956,SHELF,shelf,0.561,0.202,0.366,15834
746,SHOP,商店,684.7087499999999,-0.63668730874696,19.0,8374,SHOP,shop,0.725,0.632,0.565,15896
749,ENTER,进入,631.5741025641025,-0.6966567419262273,9.0,11708,ENTER,enter,0.708,0.47,0.5,5954
753,PUPIL (STUDENT),学生,585.1553658536586,-0.9132576995694526,13.0,5811,PUPIL (STUDENT),pupil,0.729,0.406,0.368,13971
754,HURRY,匆忙,700.3957499999999,-0.4543468163339255,11.0,3299,HURRY,hurry,0.422,0.735,0.481,8645
756,DEPEND,依赖,743.6023076923076,-0.3883510875499625,21.0,5565,DEPEND,depend,0.388,0.429,0.358,4663
757,BUTTON,按钮,699.5327500000001,-0.5403706237171141,18.0,6898,BUTTON,button,0.52,0.22,0.343,2366
761,COVER,封面,737.6985,-0.3439331083795046,18.0,6767,COVER,cover,0.365,0.24,0.471,4007
763,SKIN,皮肤,648.769761904762,-0.6183558735053954,13.0,3866,SKIN,skin,0.569,0.35,0.395,16126
765,MOVE,移动,599.6915000000001,-0.8506716859563447,17.0,8787,MOVE,move,0.656,0.647,0.67,11439
767,CORPSE,尸体,645.471707317073,-0.6470687377839262,10.0,2250,CORPSE,corpse,0.094,0.657,0.232,3910
768,LUNCH,午饭,680.42275,-0.5173615598587562,11.0,2620,LUNCH,lunch,0.88,0.41,0.542,10513
769,ROOF,屋顶,670.6429268292683,-0.6016039316997053,17.0,6771,ROOF,roof,0.602,0.226,0.342,15098
770,EARRING,耳环,635.6700000000001,-0.6004006861000988,14.0,4711,EARRING,earring,0.583,0.52,0.5,5589
771,HAT,帽子,673.9236842105261,-0.519047423960725,15.0,9071,HAT,hat,0.604,0.183,0.353,8122
777,FLUTE,长笛,780.0205263157898,-0.2394801377058276,15.0,3920,FLUTE,flute,0.635,0.33,0.363,6906
783,VICTORY,胜利,632.5847500000001,-0.7878036731367826,16.0,7258,VICTORY,victory,0.938,0.735,0.931,19242
785,STRONG,茁壮,792.4442857142856,-0.2216551350538158,14.0,7311,STRONG,strong,0.912,0.745,0.895,17076
788,SOAP,肥皂,650.0602439024391,-0.584119494978586,15.0,6360,SOAP,soap,0.531,0.163,0.311,16361
789,PEOPLE,百姓,679.8561538461538,-0.5660643586378353,14.0,4652,PEOPLE,people,0.604,0.4,0.5,12804
79,WASTE,浪费,624.9441025641025,-0.6750865744585719,19.0,7879,WASTE,waste,0.041,0.51,0.184,19465
794,PEN,钢笔,675.810263157895,-0.6203283323434813,19.0,7397,PEN,pen,0.622,0.194,0.25,12772
795,TROUT,鳟鱼,942.306,0.4619309881709814,28.0,12044,TROUT,trout,0.516,0.387,0.298,18383
797,TESTICLES,睾丸,789.7978048780486,-0.1085815853928898,17.0,9996,TESTICLES,testicle,0.458,0.651,0.41,17804
799,WRIST,手腕,718.0333333333334,-0.4944334385454773,16.0,2806,WRIST,wrist,0.706,0.34,0.265,19858
801,RIB,肋骨,782.01575,-0.2347589589023858,15.0,4720,RIB,rib,0.49,0.349,0.351,14968
809,TROUSERS,裤子,790.2365853658537,-0.3063678034777035,15.0,11331,TROUSERS,trousers,0.625,0.314,0.442,18382
810,LOCUST,蝗虫,682.4787179487178,-0.5020390399724446,21.0,10265,LOCUST,locust,0.479,0.412,0.417,10383
811,SOUL,灵魂,619.1162500000002,-0.7197139859437034,20.0,5327,SOUL,soul,0.77,0.22,0.51,16487
812,SLAVE,奴隶,653.79,-0.579793546299326,13.0,3527,SLAVE,slave,0.171,0.795,0.151,16159
815,GOVERNMENT,政府,618.1636585365852,-0.7025533899733699,17.0,6914,GOVERNMENT,government,0.427,0.53,0.85,7665
818,WILLOW,柳树,700.255641025641,-0.4684839634373774,18.0,6980,WILLOW,willow,0.604,0.245,0.4,19673
82,ANGER,恼火,698.978292682927,-0.474914432577255,13.0,6842,ANGER,anger,0.167,0.865,0.657,671
820,LAMB,羊肉,672.5326829268291,-0.5563703159294039,12.0,4679,LAMB,lamb,0.646,0.284,0.321,9951
823,SORCERER,巫师,703.71,-0.4284500783561078,13.0,5111,SORCERER,sorcerer,0.377,0.633,0.632,16463
824,WITCH,巫婆,714.1717073170731,-0.3575041356134956,18.0,5112,WITCH,witch,0.292,0.71,0.473,19727
827,ROLL,滚,670.3352500000001,-0.5823996565096892,13.0,592,ROLL,roll,0.469,0.51,0.172,15087
83,FORBID,禁止,668.7607692307694,-0.5710406815811501,17.0,9704,FORBID,forbid,0.115,0.686,0.598,6973
834,BUTTOCKS,屁股,705.2874999999999,-0.4333341225472621,15.0,5101,BUTTOCKS,buttocks,0.458,0.677,0.365,2365
837,BLUE,蓝色,744.9664102564101,-0.4214226337094057,19.0,11314,BLUE,blue,0.646,0.137,0.291,1878
843,SPIDER,蜘蛛,672.7097435897437,-0.5858227573947618,26.0,10084,SPIDER,spider,0.229,0.569,0.43,16611
846,TIGER,老虎,727.716923076923,-0.4291006209275657,14.0,4693,TIGER,tiger,0.479,0.765,0.664,17975
849,SPRING (OF WATER),来源,692.1535000000001,-0.4560561386245493,20.0,5280,SPRING (OF WATER),source,0.74,0.318,0.684,16498
853,ALTAR,祭坛,768.8168292682926,-0.2638975349138098,18.0,8775,ALTAR,altar,0.724,0.387,0.635,543
857,STONE,石头,579.7126829268293,-0.847352192332885,10.0,3882,STONE,stone,0.216,0.183,0.561,16965
861,JUDGE,法官,618.9525641025641,-0.7240322342089563,16.0,6208,JUDGE,judge,0.51,0.604,0.857,9723
864,PUMPKIN,南瓜,604.3122500000002,-0.7663215964904945,14.0,6654,PUMPKIN,pumpkin,0.539,0.177,0.355,13948
865,FAME,名誉,687.1761538461539,-0.4887976018536933,19.0,4261,FAME,fame,0.896,0.755,0.852,6461
868,BANANA,香蕉,626.9946341463414,-0.6976330170335635,24.0,7464,BANANA,banana,0.612,0.23,0.241,1362
873,TAX,税收,771.1892500000001,-0.3033615667703394,18.0,9321,TAX,tax,0.26,0.481,0.534,17651
874,CANDY,糖果,685.7747500000002,-0.4551278675761763,24.0,10368,CANDY,candy,0.93,0.425,0.384,2485
879,COUGH,咳嗽,730.7297500000001,-0.4170149583312511,23.0,6669,COUGH,cough,0.255,0.627,0.241,3956
880,REPEAT,重复,602.1826315789475,-0.7488545152878653,18.0,7376,REPEAT,repeat,0.49,0.529,0.552,14689
882,PARROT,鹦鹉,723.9590243902439,-0.3209834740621654,29.0,12060,PARROT,parrot,0.588,0.333,0.292,12598
883,TERMITE,白蚁,800.5642500000002,-0.1292993903189467,14.0,3859,TERMITE,termite,0.265,0.48,0.408,17778
885,OPPOSITE,相反,692.6285,-0.5898561066900756,13.0,7138,OPPOSITE,opposite,0.235,0.545,0.408,12169
890,MULE,骡子,806.1245945945946,-0.0441571534738814,17.0,12030,MULE,mule,0.32,0.337,0.254,11470
892,TIME,时间,570.8151282051282,-0.8791986355107244,14.0,5253,TIME,time,0.604,0.288,0.609,17991
893,TIN (METAL),锡,798.2152777777776,-0.0465684719675457,13.0,972,TIN (METAL),tin,0.469,0.37,0.217,18004
895,TORTOISE,乌龟,655.8702439024391,-0.5851992966515898,11.0,10572,TORTOISE,tortoise,0.673,0.078,0.25,18124
897,SWALLOW,吞,637.8205128205127,-0.6376937212443051,7.0,89,SWALLOW,swallow,0.466,0.608,0.436,17411
898,TRADE,贸易,736.2232500000001,-0.3018832466599438,17.0,11603,TRADE,trade,0.561,0.544,0.69,18177
899,PRESIDENT,总统,627.6619047619048,-0.6830675224517582,18.0,5954,PRESIDENT,president,0.677,0.622,0.973,13572
90,INNOCENT,纯情,775.198205128205,-0.1824794734450827,18.0,11114,INNOCENT,innocent,0.729,0.206,0.34,9253
900,TRAIN,火车,716.272142857143,-0.448033546783038,8.0,3003,TRAIN,train,0.666,0.705,0.62,18192
905,BORING,枯燥,676.95925,-0.4920031466809892,26.0,6955,BORING,boring,0.194,0.217,0.125,2014
906,TREE,树,599.74975,-0.7539376017957692,9.0,271,TREE,tree,0.67,0.118,0.442,18299
908,DRUM,鼓声,766.4405714285715,-0.0693743968713921,20.0,9871,DRUM,drum,0.615,0.679,0.339,5485
909,GARBAGE,垃圾,630.160487804878,-0.6697750273769323,14.0,5754,GARBAGE,garbage,0.188,0.51,0.192,7351
910,DEATH,死亡,686.4166666666667,-0.5455776748290878,9.0,4624,DEATH,death,0.031,0.72,0.472,4422
911,TEMPLE,庙,667.4735000000002,-0.5570551148567188,8.0,174,TEMPLE,temple,0.612,0.269,0.66,17729
913,CROW,乌鸦,705.3582051282049,-0.483052604525467,13.0,10573,CROW,crow,0.224,0.439,0.363,4163
915,SINK (BASIN),盆,744.448157894737,-0.3644031765793108,9.0,289,SINK (BASIN),basin,0.552,0.231,0.398,1456
919,CHILI PEPPER,辣椒,835.9159523809524,-0.1152900342474058,26.0,10107,CHILI PEPPER,chili,0.592,0.566,0.433,2923
92,SPOIL (SOMEBODY OR SOMETHING),溺爱,691.8878947368421,-0.5116061308303969,23.0,9652,SPOIL (SOMEBODY OR SOMETHING),spoil,0.146,0.723,0.328,16655
920,GRAPE,葡萄,749.0590000000001,-0.3617402154146125,23.0,9747,GRAPE,grape,0.729,0.122,0.295,7718
921,VALLEY,山谷,724.9611428571427,-0.3993541037882913,10.0,2255,VALLEY,valley,0.729,0.306,0.386,19073
923,LOVE,爱,628.0244999999998,-0.689710445842449,10.0,869,LOVE,love,1.0,0.519,0.673,10456
924,VEGETABLES,蔬菜,631.9911904761905,-0.6608932018013123,26.0,10262,VEGETABLES,vegetable,0.551,0.12,0.289,19129
926,RICE,米饭,659.579756097561,-0.5513036140710226,13.0,4668,RICE,rice,0.667,0.208,0.33,14971
928,EMBRACE,拥抱,594.856,-0.7787739760848523,16.0,6061,EMBRACE,hug,0.908,0.427,0.548,8589
933,WALL (OF HOUSE),墙壁,791.7687500000003,-0.2149646408648261,30.0,9892,WALL (OF HOUSE),wall,0.417,0.25,0.509,19402
940,STRAIN,滤,754.7948571428573,-0.3117087871346602,13.0,865,STRAIN,strain,0.19,0.75,0.38,17003
942,HONEY,蜂蜜,707.6151219512194,-0.354541528986237,27.0,9755,HONEY,honey,0.92,0.431,0.51,8471
943,WATERFALL,瀑布,735.4442105263158,-0.3459586406030848,23.0,10469,WATERFALL,waterfall,0.652,0.46,0.528,19483
946,BLOOD,血,621.7247368421054,-0.7048122746795841,6.0,73,BLOOD,blood,0.219,0.684,0.585,1850
947,STREAM,溪,738.179268292683,-0.2937901961973437,13.0,590,STREAM,stream,0.449,0.537,0.559,17030
951,WEAPONS,武器,635.4112499999999,-0.6763263511793492,24.0,6167,WEAPONS,weapon,0.054,0.84,0.831,19510
952,WEATHER,天气,646.9639999999997,-0.6386375920505825,8.0,2663,WEATHER,weather,0.755,0.404,0.567,19519
958,WILD ANIMAL,野兽,664.161219512195,-0.6615140538029947,22.0,8943,WILD ANIMAL,beast,0.214,0.78,0.732,1528
963,BOOK,图书,650.8374358974359,-0.6251605977557342,12.0,10706,BOOK,book,0.802,0.21,0.606,1974
965,WORLD,世界,607.1514634146342,-0.7741437587175511,14.0,3114,WORLD,world,0.622,0.394,0.75,19804
967,YEAST,发酵,697.80975,-0.3766573849345392,19.0,3359,YEAST,yeast,0.5,0.35,0.327,19906
969,CIGARETTE,香烟,736.5592499999999,-0.3904084415568595,19.0,7462,CIGARETTE,cigarette,0.219,0.528,0.304,3013
972,BE ABLE,能够,696.2905263157896,-0.4989743496561232,21.0,8128,BE ABLE,can,0.662,0.36,0.454,2468
974,TOBACCO,烟草,731.6804999999997,-0.3250259906315673,19.0,7944,TOBACCO,tobacco,0.327,0.546,0.387,18047
975,SPINACH,菠菜,658.3436585365853,-0.6243403372057802,22.0,9387,SPINACH,spinach,0.583,0.2,0.368,16621
978,WAVE,波浪,686.50875,-0.4887108090753025,18.0,6225,WAVE,wave,0.622,0.491,0.49,19490
979,FARMER,农,726.2323076923077,-0.3091131831530589,6.0,55,FARMER,farmer,0.677,0.432,0.464,6493
980,HEEL,脚跟,899.0027027027024,0.2027161545493218,24.0,8825,HEEL,heel,0.48,0.35,0.385,8236
985,VINEGAR,醋,685.3694871794872,-0.4531410281439517,15.0,714,VINEGAR,vinegar,0.276,0.37,0.356,19271
986,TOMATO,番茄,617.9504878048782,-0.707050095797108,20.0,9276,TOMATO,tomato,0.55,0.183,0.275,18070
987,REMAIN,留下,684.2956410256411,-0.5321746128620469,13.0,7976,REMAIN,remain,0.709,0.365,0.731,14620
989,CLEAR,清楚,646.5023076923078,-0.651763496003187,24.0,8672,CLEAR,clear,0.857,0.327,0.573,3114
99,HUNCHBACK,驼背,833.4702631578948,0.0063843868464503,17.0,12011,HUNCHBACK,hunchback,0.208,0.39,0.259,8627
991,FRY,煎,693.9652500000001,-0.4072594545436236,13.0,594,FRY,fry,0.52,0.61,0.324,7223
992,CLIFF,悬崖,773.8862499999998,-0.2656255348524642,22.0,10813,CLIFF,cliff,0.361,0.62,0.509,3138
999,JOINT,关节,772.4918918918919,-0.1715545056193289,11.0,4088,JOINT,joint,0.615,0.392,0.566,9698
